Position,Name,Year,LetterboxdURI,Description
1,Spirited Away,2001,https://boxd.it/2b4m,
2,Alien,1979,https://boxd.it/2awY,
3,Anne of Green Gables,1985,https://boxd.it/IIQM,
4,Perfect Blue,1997,https://boxd.it/1W7A,
5,The Thing,1982,https://boxd.it/294O,
6,Chinatown,1974,https://boxd.it/29vU,
7,Fargo,1996,https://boxd.it/2aHM,
8,Blade Runner,1982,https://boxd.it/2bcA,
9,Cool Hand Luke,1967,https://boxd.it/29jY,
10,Ran,1985,https://boxd.it/1Tlu,
11,No Country for Old Men,2007,https://boxd.it/21ew,
12,Nausicaä of the Valley of the Wind,1984,https://boxd.it/2bc6,
13,Portrait of a Lady on Fire,2019,https://boxd.it/jkPq,
14,Roma,2018,https://boxd.it/f69M,
15,Apocalypse Now,1979,https://boxd.it/6ZS,
16,Raging Bull,1980,https://boxd.it/28yI,
17,Come and See,1985,https://boxd.it/1w9q,
18,The Apartment,1960,https://boxd.it/2aGE,
19,Drive My Car,2021,https://boxd.it/sv94,
20,Stalker,1979,https://boxd.it/28PO,
21,Once Upon a Time in the West,1968,https://boxd.it/2az4,
22,After Yang,2021,https://boxd.it/lx5a,
23,Chernobyl,2019,https://boxd.it/mkbG,
24,It's Such a Beautiful Day,2012,https://boxd.it/hCY2,
25,The Wolf House,2018,https://boxd.it/i1vE,
26,The Silence of the Lambs,1991,https://boxd.it/2aHW,
27,On the Waterfront,1954,https://boxd.it/29TC,
28,Bo Burnham: Inside,2021,https://boxd.it/v2uy,
29,Some Like It Hot,1959,https://boxd.it/2aNA,
30,Blade Runner 2049,2017,https://boxd.it/b8wK,
31,La Haine,1995,https://boxd.it/2as8,
32,A Fish Called Wanda,1988,https://boxd.it/29YC,
33,Kill It and Leave This Town,2020,https://boxd.it/oJtY,
34,Harvey,1950,https://boxd.it/1T5w,
35,The Sting,1973,https://boxd.it/1Z5s,
36,Gett: The Trial of Viviane Amsalem,2014,https://boxd.it/87Lo,
37,Fantastic Mr. Fox,2009,https://boxd.it/1WyQ,
38,The Social Network,2010,https://boxd.it/17ue,
39,I'm Thinking of Ending Things,2020,https://boxd.it/i4IQ,
40,Modern Times,1936,https://boxd.it/25MC,
41,Persona,1966,https://boxd.it/29B4,
42,Lilo & Stitch,2002,https://boxd.it/1TAY,
43,The Fly,1986,https://boxd.it/1YIe,
44,Eraserhead,1977,https://boxd.it/299u,
45,A Brighter Summer Day,1991,https://boxd.it/1Luy,
46,M,1931,https://boxd.it/29vq,
47,Ashes and Diamonds,1958,https://boxd.it/23q0,
48,Ace in the Hole,1951,https://boxd.it/1vXk,
49,Jackie Brown,1997,https://boxd.it/2aVO,
50,It Happened One Night,1934,https://boxd.it/25Ng,
51,Amadeus,1984,https://boxd.it/2aH8,
52,Everything Everywhere All at Once,2022,https://boxd.it/jUk4,
53,Sherlock Jr.,1924,https://boxd.it/298m,
54,Die Hard,1988,https://boxd.it/2a7u,
55,Mulholland Drive,2001,https://boxd.it/297o,
56,Liz and the Blue Bird,2018,https://boxd.it/hksW,
57,Wolfwalkers,2020,https://boxd.it/fGrC,
58,The Music Room,1958,https://boxd.it/29x2,
59,The Evil Dead,1981,https://boxd.it/29Go,
60,Paprika,2006,https://boxd.it/23wW,
61,Ratatouille,2007,https://boxd.it/27ww,
62,Jurassic Park,1993,https://boxd.it/2aA2,
63,Big Trouble in Little China,1986,https://boxd.it/21em,
64,Jaws,1975,https://boxd.it/2a5e,
65,Predator,1987,https://boxd.it/2b84,
66,The Deer Hunter,1978,https://boxd.it/1T6O,
67,Monster,2003,https://boxd.it/2afy,
68,The Bourne Identity,2002,https://boxd.it/26EO,
69,Princess Mononoke,1997,https://boxd.it/2b4w,
70,Akira,1988,https://boxd.it/2b1i,
71,Groundhog Day,1993,https://boxd.it/2b3e,
72,Reservoir Dogs,1992,https://boxd.it/2agc,
73,The Wicker Man,1973,https://boxd.it/1KnG,
74,Once Upon a Time in Anatolia,2011,https://boxd.it/2yHG,5.0 star threshold ( 4%)
75,RoboCop,1987,https://boxd.it/22Wu,
76,The Night of the Hunter,1955,https://boxd.it/25HW,
77,Lady Snowblood,1973,https://boxd.it/26Fi,
78,Evil Dead II,1987,https://boxd.it/29Ge,
79,The Assassin,2015,https://boxd.it/7rdE,
80,The King of Comedy,1982,https://boxd.it/2aJS,
81,Seven Samurai,1954,https://boxd.it/2axi,
82,American Psycho,2000,https://boxd.it/28Vs,
83,The Father,2020,https://boxd.it/m8Ie,
84,Monos,2019,https://boxd.it/eJGe,
85,28 Days Later,2002,https://boxd.it/2aXU,
86,Pulp Fiction,1994,https://boxd.it/29Pq,
87,Mad Max: Fury Road,2015,https://boxd.it/2DjO,
88,Dawn of the Dead,1978,https://boxd.it/29gU,
89,Let the Right One In,2008,https://boxd.it/1Qr0,
90,Taxi Driver,1976,https://boxd.it/2b8y,
91,The Matrix,1999,https://boxd.it/2a1m,
92,Spider-Man: Into the Spider-Verse,2018,https://boxd.it/azpY,
93,The Scent of Green Papaya,1993,https://boxd.it/1EWq,
94,The Emperor's New Groove,2000,https://boxd.it/1Tey,
95,Tokyo Godfathers,2003,https://boxd.it/1Qg2,
96,Beau Travail,1999,https://boxd.it/1NI8,
97,Aftersun,2022,https://boxd.it/Arw0,
98,Her,2013,https://boxd.it/4O24,
99,Good Time,2017,https://boxd.it/fcFu,
100,Gone with the Wind,1939,https://boxd.it/29Fq,
101,Cloud Atlas,2012,https://boxd.it/2W60,
102,Girlfriends,1978,https://boxd.it/3JYU,
103,The Adventures of Prince Achmed,1926,https://boxd.it/1FeY,
104,Toy Story,1995,https://boxd.it/29qA,
105,About Endlessness,2019,https://boxd.it/bHua,
106,Hyenas,1992,https://boxd.it/45gg,
107,Open Your Eyes,1997,https://boxd.it/27TU,
108,The Fabulous Baron Munchausen,1962,https://boxd.it/ZV2,
109,Do the Right Thing,1989,https://boxd.it/29gA,
110,Mulan,1998,https://boxd.it/1VFw,
111,Aladdin,1992,https://boxd.it/29yE,
112,Paddington 2,2017,https://boxd.it/bCF8,
113,Men in Black,1997,https://boxd.it/2a0I,
114,Eternal Sunshine of the Spotless Mind,2004,https://boxd.it/6YK,
115,Pan's Labyrinth,2006,https://boxd.it/28No,
116,The Passion of Joan of Arc,1928,https://boxd.it/29DO,
117,Isle of Flowers,1989,https://boxd.it/POU,
118,Angel's Egg,1985,https://boxd.it/1LeA,
119,To Be or Not to Be,1942,https://boxd.it/2aTy,
120,Halloween,1978,https://boxd.it/2wRu,
121,Misery,1990,https://boxd.it/28gY,
122,Holiday,1938,https://boxd.it/1Ks2,
123,"Planes, Trains and Automobiles",1987,https://boxd.it/26zE,
124,Rear Window,1954,https://boxd.it/2a6Q,
125,Possession,1981,https://boxd.it/1BPm,
126,WarGames,1983,https://boxd.it/29qU,
127,The Day the Earth Stood Still,1951,https://boxd.it/29w4,
128,Koyaanisqatsi,1982,https://boxd.it/1U9E,
129,Double King,2017,https://boxd.it/g2Sq,
130,The Texas Chain Saw Massacre,1974,https://boxd.it/1lcS,
131,The Magnificent Seven,1960,https://boxd.it/29bA,
132,KPop Demon Hunters,2025,https://boxd.it/ufwK,
133,The Power of the Dog,2021,https://boxd.it/m99E,
134,Fight Club,1999,https://boxd.it/2a9q,
135,"Hi, How Are You Daniel Johnston?",2015,https://boxd.it/fxAA,
136,"What's Opera, Doc?",1957,https://boxd.it/x4Y,
137,Flowers of Shanghai,1998,https://boxd.it/Omq,
138,The Many Adventures of Winnie the Pooh,1977,https://boxd.it/7l0Y,
139,Cameraperson,2016,https://boxd.it/d5ve,
140,The Wages of Fear,1953,https://boxd.it/2aSK,
141,La Jetée,1962,https://boxd.it/29Sk,
142,12 Angry Men,1957,https://boxd.it/2auI,
143,The Blair Witch Project,1999,https://boxd.it/26ua,
144,Tekkonkinkreet,2006,https://boxd.it/1Pui,
145,Elephant,2003,https://boxd.it/287i,
146,Rashomon,1950,https://boxd.it/2a9K,
147,F for Fake,1973,https://boxd.it/VxA,
148,Ikiru,1952,https://boxd.it/251c,
149,Tampopo,1985,https://boxd.it/1SZe,
150,Requiem for a Dream,2000,https://boxd.it/29VI,
151,The Green Mile,1999,https://boxd.it/2agG,
152,District 9,2009,https://boxd.it/1Iik,
153,In the Mouth of Madness,1994,https://boxd.it/26vi,
154,The Shawshank Redemption,1994,https://boxd.it/2aHi,
155,Tokyo Drifter,1966,https://boxd.it/OTY,
156,Häxan,1922,https://boxd.it/n4O,
157,Generation,2022,https://boxd.it/CRjU,
158,I May Destroy You,2020,https://boxd.it/qX9i,
159,Sweet Smell of Success,1957,https://boxd.it/29aW,
160,Kill Bill: Vol. 1,2003,https://boxd.it/70w,
161,The Elephant Man,1980,https://boxd.it/27LQ,
162,City of God,2002,https://boxd.it/2a2a,
163,Death at a Funeral,2007,https://boxd.it/27dO,
164,Sunset Boulevard,1950,https://boxd.it/2a20,
165,Ghost Dog: The Way of the Samurai,1999,https://boxd.it/23Ne,
166,Harlequin,1931,https://boxd.it/9qd8,
167,October Sky,1999,https://boxd.it/1Q7u,
168,The Ascent,1977,https://boxd.it/Eew,
169,Wreck-It Ralph,2012,https://boxd.it/2TTS,
170,Pickpocket,1959,https://boxd.it/29O8,
171,Pig,2021,https://boxd.it/nzoW,
172,Kagemusha,1980,https://boxd.it/1SGG,
173,The Circus,1928,https://boxd.it/1orm,
174,The Philadelphia Story,1940,https://boxd.it/29a8,
175,Scream,1996,https://boxd.it/24EC,
176,Escape from New York,1981,https://boxd.it/294k,
177,Cleaners,2019,https://boxd.it/n6HU,
178,A Pigeon Sat on a Branch Reflecting on Existence,2014,https://boxd.it/3Ifa,
179,Pi,1998,https://boxd.it/2ajq,
180,Bobby Yeah,2011,https://boxd.it/458Q,
181,RRR,2022,https://boxd.it/ljDs,
182,Glengarry Glen Ross,1992,https://boxd.it/1Yw8,
183,Ratcatcher,1999,https://boxd.it/1mSg,
184,Fish Tank,2009,https://boxd.it/1xBg,
185,Zodiac,2007,https://boxd.it/27MO,
186,When the Wind Blows,1986,https://boxd.it/1VdC,
187,My Cousin Vinny,1992,https://boxd.it/1WpO,
188,Orlando,1992,https://boxd.it/1Z1K,
189,La Promesse,1996,https://boxd.it/1y8E,
190,Mission: Impossible,1996,https://boxd.it/29d2,
191,"The Cook, the Thief, His Wife & Her Lover",1989,https://boxd.it/20VO,
192,The Fall,2006,https://boxd.it/1NoM,
193,Before Sunset,2004,https://boxd.it/2bcg,
194,Memories of Murder,2003,https://boxd.it/1TSo,
195,Stranger Than Fiction,2006,https://boxd.it/28Za,
196,Babe,1995,https://boxd.it/1Yh8,
197,The Truman Show,1998,https://boxd.it/18U8,
198,The Story of Qiu Ju,1992,https://boxd.it/16FU,
199,White Oleander,2002,https://boxd.it/1UUg,
200,Napoleon Dynamite,2004,https://boxd.it/20wu,
201,Rabbit Fire,1951,https://boxd.it/x4u,
202,Stray Dog,1949,https://boxd.it/1ltu,
203,Galaxy Quest,1999,https://boxd.it/29gq,
204,Snow-White,1933,https://boxd.it/4aGy,
205,Back to the Future,1985,https://boxd.it/2b8e,
206,(OO),2017,https://boxd.it/jkzi,
207,Home Alone,1990,https://boxd.it/29Fg,
208,Presto,2008,https://boxd.it/1QYI,
209,The Matrix Reloaded,2003,https://boxd.it/2a1c,
210,City on Fire,1987,https://boxd.it/XGY,
211,Collateral,2004,https://boxd.it/28F0,
212,Chop Shop,2007,https://boxd.it/1LZQ,
213,Ocean's Eleven,2001,https://boxd.it/2aZm,
214,Mishima: A Life in Four Chapters,1985,https://boxd.it/1sBA,
215,Kwaidan,1964,https://boxd.it/1kbY,
216,Before Sunrise,1995,https://boxd.it/2bcU,
217,Daisies,1966,https://boxd.it/LZk,
218,The House Is Black,1963,https://boxd.it/STe,
219,The Incredibles,2004,https://boxd.it/1XLm,
220,Death by Hanging,1968,https://boxd.it/3nPm,
221,Coco,2017,https://boxd.it/bYJQ,
222,The Princess Bride,1987,https://boxd.it/26EY,
223,I Saw the TV Glow,2024,https://boxd.it/woVe,
224,Malcolm X,1992,https://boxd.it/27WE,
225,Prince of Darkness,1987,https://boxd.it/1ZKq,
226,They Cloned Tyrone,2023,https://boxd.it/rE7a,
227,Funeral Parade of Roses,1969,https://boxd.it/28Cg,
228,The Treasure of the Sierra Madre,1948,https://boxd.it/25Lk,
229,Babe: Pig in the City,1998,https://boxd.it/1YEQ,
230,In the Mood for Love,2000,https://boxd.it/29tE,
231,WALL·E,2008,https://boxd.it/1VEo,
232,Psycho,1960,https://boxd.it/2ab2,
233,Ghostbusters,1984,https://boxd.it/g2w,
234,Léon: The Professional,1994,https://boxd.it/2b8S,
235,Mermaid,2007,https://boxd.it/2vso,
236,Snatch,2000,https://boxd.it/2b7U,
237,Clue,1985,https://boxd.it/1MDQ,
238,Rabbit Seasoning,1952,https://boxd.it/xJ8,
239,"Crouching Tiger, Hidden Dragon",2000,https://boxd.it/2b1M,
240,Challengers,2024,https://boxd.it/zld0,
241,Black Swan,2010,https://boxd.it/Sw0,
242,Suspiria,2018,https://boxd.it/cioI,
243,There Will Be Blood,2007,https://boxd.it/20Z2,
244,The Rules of the Game,1939,https://boxd.it/29Es,
245,Iron Man,2008,https://boxd.it/28dA,
246,Beauty and the Beast,1991,https://boxd.it/1XhG,
247,The Lego Movie,2014,https://boxd.it/4pDO,
248,Unforgiven,1992,https://boxd.it/6Z4,
249,The Big Short,2015,https://boxd.it/ajZw,
250,Tremors,1990,https://boxd.it/1YSe,
251,Hero,2002,https://boxd.it/2bcq,
252,Monty Python and the Holy Grail,1975,https://boxd.it/29GI,
253,Last Action Hero,1993,https://boxd.it/1YhW,
254,Star Trek II: The Wrath of Khan,1982,https://boxd.it/2b0u,
255,The Big City,1963,https://boxd.it/fI2,
256,Dark Star,1974,https://boxd.it/28Ow,
257,Metropolis,2001,https://boxd.it/1YfQ,
258,The Immaculate Conception of Little Dizzle,2009,https://boxd.it/Bey,
259,A Streetcar Named Desire,1951,https://boxd.it/29Mc,
260,Sneakers,1992,https://boxd.it/26VU,
261,Legally Blonde,2001,https://boxd.it/1ZNa,4.5 star threshold (10%)
262,Walkabout,1971,https://boxd.it/1bsG,
263,Journey to the Shore,2015,https://boxd.it/b3D2,
264,Children of Heaven,1997,https://boxd.it/1C5k,
265,Child's Play,1988,https://boxd.it/1VTo,
266,Godzilla,1954,https://boxd.it/28kc,
267,Oppenheimer,2023,https://boxd.it/wUow,
268,Bill & Ted's Excellent Adventure,1989,https://boxd.it/28oI,
269,Brazil,1985,https://boxd.it/2be2,
270,Contact,1997,https://boxd.it/29OM,
271,Inception,2010,https://boxd.it/1skk,
272,An American Werewolf in London,1981,https://boxd.it/29yk,
273,The Long Good Friday,1980,https://boxd.it/1NlS,
274,Mean Girls,2004,https://boxd.it/1VNg,
275,The Battle of Algiers,1966,https://boxd.it/1IRY,
276,10 Cloverfield Lane,2016,https://boxd.it/aZiu,
277,Gate of Hell,1953,https://boxd.it/UHY,
278,The Magician,1958,https://boxd.it/1nse,
279,Brief Encounter,1945,https://boxd.it/29sm,
280,Memento,2000,https://boxd.it/2bcK,
281,All the President's Men,1976,https://boxd.it/29lU,
282,Moon,2009,https://boxd.it/1IGQ,
283,Father Goose,1964,https://boxd.it/1lDE,
284,First Blood,1982,https://boxd.it/28U0,
285,Close Encounters of the Third Kind,1977,https://boxd.it/29u8,
286,Love at First Sight,2023,https://boxd.it/bUmS,
287,Pure,2010,https://boxd.it/l14,
288,Seven Brides for Seven Brothers,1954,https://boxd.it/1JWA,
289,The Empire Strikes Back,1980,https://boxd.it/27Vw,
290,Invasion of the Body Snatchers,1956,https://boxd.it/1TAa,
291,The Tale of The Princess Kaguya,2013,https://boxd.it/4JQI,
292,Poor Things,2023,https://boxd.it/tNWU,
293,Minority Report,2002,https://boxd.it/2aWi,
294,Kung Fu Panda,2008,https://boxd.it/1Yws,
295,My Neighbor Totoro,1988,https://boxd.it/20eA,
296,Your Name.,2016,https://boxd.it/cUqs,
297,Paris Is Burning,1990,https://boxd.it/1jzg,
298,The Wizard of Oz,1939,https://boxd.it/29Xu,
299,The Conversation,1974,https://boxd.it/2a38,
300,El Mariachi,1992,https://boxd.it/1YRq,
301,Shower,1999,https://boxd.it/296q,
302,Son of the White Mare,1981,https://boxd.it/10f2,
303,Taste of Cherry,1997,https://boxd.it/1m8W,
304,Belladonna of Sadness,1973,https://boxd.it/2q,
305,Cat People,1942,https://boxd.it/1vG4,
306,Zootopia,2016,https://boxd.it/84xS,
307,Nimona,2023,https://boxd.it/Aiyc,
308,Empire Records,1995,https://boxd.it/1PY8,
309,Yi Yi,2000,https://boxd.it/1vCw,
310,The Lion King,1994,https://boxd.it/201Q,
311,The Red Shoes,1948,https://boxd.it/1EXI,
312,Near Dark,1987,https://boxd.it/1SRO,
313,GoodFellas,1990,https://boxd.it/29FA,
314,The Demon,1963,https://boxd.it/4si0,
315,The Exorcist,1973,https://boxd.it/1Yoo,
316,Song of the Sea,2014,https://boxd.it/3Ic6,
317,Dr. Strangelove or: How I Learned to Stop Worrying and Love the Bomb,1964,https://boxd.it/29eY,
318,The Haunted House,1921,https://boxd.it/BAO,
319,Serpico,1973,https://boxd.it/1ZjE,
320,Turning Red,2022,https://boxd.it/ipkq,
321,Late Spring,1949,https://boxd.it/1DkK,
322,Rosemary's Baby,1968,https://boxd.it/29zM,
323,Island of Lost Souls,1932,https://boxd.it/25TS,
324,The Vanishing,1988,https://boxd.it/1ZTW,
325,Parasite,2019,https://boxd.it/hTha,
326,Hunt for the Wilderpeople,2016,https://boxd.it/cTgG,
327,Chronicle,2012,https://boxd.it/2Emk,
328,(500) Days of Summer,2009,https://boxd.it/1EmM,
329,Peeping Tom,1960,https://boxd.it/1Utk,
330,Swallow,2019,https://boxd.it/lA0i,
331,Ivan's Childhood,1962,https://boxd.it/1j6y,
332,Primer,2004,https://boxd.it/6YA,
333,The Sandman,1991,https://boxd.it/I7O,
334,L.A. Confidential,1997,https://boxd.it/27oC,
335,Who's Afraid of Virginia Woolf?,1966,https://boxd.it/2atK,
336,Moana,2016,https://boxd.it/8tfY,
337,"Aguirre, the Wrath of God",1972,https://boxd.it/27Fe,
338,Scavengers Reign,2023,https://boxd.it/K7fI,
339,Kiki's Delivery Service,1989,https://boxd.it/1JAY,
340,The Piano Teacher,2001,https://boxd.it/2886,
341,Hundreds of Beavers,2022,https://boxd.it/CyUM,
342,The Descent,2005,https://boxd.it/1YNy,
343,The Piano,1993,https://boxd.it/29Kq,
344,All of Us Strangers,2023,https://boxd.it/Bz3C,
345,Paterson,2016,https://boxd.it/cRk2,
346,The Shape of Water,2017,https://boxd.it/dZ5m,
347,Joker,2019,https://boxd.it/h4cS,
348,The Wild Robot,2024,https://boxd.it/IWFy,
349,Shrek,2001,https://boxd.it/29zi,
350,Incantation,2022,https://boxd.it/wFiI,
351,The Graduate,1967,https://boxd.it/18Im,
352,Spy Kids,2001,https://boxd.it/1Xcw,
353,Pitch Black,2000,https://boxd.it/26iS,
354,Pickpocket,1997,https://boxd.it/zPi,
355,The Matrix Resurrections,2021,https://boxd.it/n87k,
356,Green Snake,1993,https://boxd.it/12Vk,
357,Blood Simple,1984,https://boxd.it/1U16,
358,Cure,1997,https://boxd.it/1blA,
359,Grave of the Fireflies,1988,https://boxd.it/1RUM,
360,Twelve Monkeys,1995,https://boxd.it/2beQ,
361,Sisyphus,1974,https://boxd.it/3c9O,
362,Cinema Paradiso,1988,https://boxd.it/1UlA,
363,Eyes Without a Face,1960,https://boxd.it/1j9i,
364,The Blues Brothers,1980,https://boxd.it/2adi,
365,Horror Express,1972,https://boxd.it/1gPK,
366,Oldboy,2003,https://boxd.it/29R2,
367,Soul,2020,https://boxd.it/ioLA,
368,Elevator to the Gallows,1958,https://boxd.it/294u,
369,How to Train Your Dragon 2,2014,https://boxd.it/2TRW,
370,Peter Pan,1953,https://boxd.it/1VCC,
371,The History of the Minnesota Vikings,2023,https://boxd.it/HyaO,
372,The Great Dictator,1940,https://boxd.it/29ic,
373,Before Midnight,2013,https://boxd.it/4ive,
374,High Noon,1952,https://boxd.it/2aGa,
375,Caché,2005,https://boxd.it/2amY,
376,Speed,1994,https://boxd.it/28qk,
377,The Music Box,1932,https://boxd.it/QPO,
378,Bound,1996,https://boxd.it/1Z1g,
379,Barton Fink,1991,https://boxd.it/2aFQ,
380,The Abyss,1989,https://boxd.it/26mK,
381,Genius Loci,2020,https://boxd.it/oHGm,
382,Hackers,1995,https://boxd.it/1WhU,
383,Amélie,2001,https://boxd.it/2aUc,
384,The Maltese Falcon,1941,https://boxd.it/29c4,
385,Indiana Jones and the Last Crusade,1989,https://boxd.it/2baO,
386,"Girl, Interrupted",1999,https://boxd.it/25ds,
387,Arrival,2016,https://boxd.it/aNGk,
388,The Seventh Seal,1957,https://boxd.it/2ahO,
389,Airplane!,1980,https://boxd.it/29yu,
390,Wavelength,1967,https://boxd.it/37ZA,
391,[REC],2007,https://boxd.it/20ma,
392,Come Drink with Me,1966,https://boxd.it/1uf2,
393,Quest for Fire,1981,https://boxd.it/bRu,
394,Dog Day Afternoon,1975,https://boxd.it/29bg,
395,"Spring, Summer, Fall, Winter... and Spring",2003,https://boxd.it/2b6W,
396,Pariah,2011,https://boxd.it/2wWk,
397,Belle de Jour,1967,https://boxd.it/29Uq,
398,Civil War,2024,https://boxd.it/z1jW,
399,Marcel the Shell with Shoes On,2021,https://boxd.it/wMAk,
400,Shane,1953,https://boxd.it/25Ig,
401,Fantastic Planet,1973,https://boxd.it/1KnQ,
402,In the Heat of the Night,1967,https://boxd.it/1VLY,
403,The Boy Friend,1971,https://boxd.it/1iVq,
404,Good Will Hunting,1997,https://boxd.it/2ahY,
405,Citizen Kane,1941,https://boxd.it/71O,
406,Once Upon a Time in America,1984,https://boxd.it/2aCs,
407,Be Kind Rewind,2008,https://boxd.it/23Au,
408,In Bruges,2008,https://boxd.it/20n8,
409,John Wick,2014,https://boxd.it/7dEc,
410,Midsommar,2019,https://boxd.it/jhxe,
411,The Blob,1988,https://boxd.it/1YgY,
412,Devilman Crybaby,2018,https://boxd.it/muwa,
413,Basic Instinct,1992,https://boxd.it/2asM,
414,Office Space,1999,https://boxd.it/28Em,
415,Star Wars,1977,https://boxd.it/72s,
416,Little Shop of Horrors,1986,https://boxd.it/1Vqm,
417,Harakiri,1962,https://boxd.it/1NTU,
418,Fauve,2018,https://boxd.it/ifik,
419,Black Girl,1966,https://boxd.it/3jIQ,
420,Morvern Callar,2002,https://boxd.it/1GDU,
421,Boss Nigger,1974,https://boxd.it/1sUW,
422,Freaks,1932,https://boxd.it/2b3o,
423,The Garden of Words,2013,https://boxd.it/5Ymq,
424,Rope,1948,https://boxd.it/28yo,
425,Bicycle Thieves,1948,https://boxd.it/23hW,
426,Mary and Max,2009,https://boxd.it/1y2m,
427,A Man Escaped,1956,https://boxd.it/1MzY,
428,Talk to Me,2022,https://boxd.it/C6uQ,
429,The Body Remembers When the World Broke Open,2019,https://boxd.it/l8Wo,
430,The Fool,2014,https://boxd.it/8QXu,
431,The Girl with the Dragon Tattoo,2009,https://boxd.it/1Mb8,
432,Casino Royale,2006,https://boxd.it/1alk,
433,How Green Was My Valley,1941,https://boxd.it/UV2,
434,Big Fish,2003,https://boxd.it/2a3M,
435,Winter Sleep,2014,https://boxd.it/7Ua0,
436,The Babadook,2014,https://boxd.it/77xu,
437,Phantom of the Paradise,1974,https://boxd.it/1s34,
438,X-Men,2000,https://boxd.it/1a7s,
439,Japón,2002,https://boxd.it/1b4Y,
440,Manhunter,1986,https://boxd.it/1TOw,
441,I Walked with a Zombie,1943,https://boxd.it/1stm,
442,I Saw the Devil,2010,https://boxd.it/FaK,
443,Kicks,2016,https://boxd.it/drMQ,
444,Nomadland,2020,https://boxd.it/lnRy,
445,Magnetic Rose,1995,https://boxd.it/DEsQ,
446,"Merry Christmas, Mr. Lawrence",1983,https://boxd.it/1SHu,
447,Brain Damage,1988,https://boxd.it/1qUU,
448,Suspiria,1977,https://boxd.it/1SNW,
449,Marriage Story,2019,https://boxd.it/hJAw,
450,Kaili Blues,2015,https://boxd.it/cksW,
451,"Kumiko, the Treasure Hunter",2014,https://boxd.it/7bqC,
452,Bodies Bodies Bodies,2022,https://boxd.it/iRcE,
453,"Throw Away Your Books, Rally in the Streets",1971,https://boxd.it/3yio,
454,13th,2016,https://boxd.it/elNg,
455,Terminator 2: Judgment Day,1991,https://boxd.it/2aGY,
456,99 Francs,2007,https://boxd.it/1ZNY,
457,Pather Panchali,1955,https://boxd.it/22yC,
458,Trainspotting,1996,https://boxd.it/29XY,
459,Timecrimes,2007,https://boxd.it/1OGM,
460,The Big Lebowski,1998,https://boxd.it/2b6C,
461,Uncut Gems,2019,https://boxd.it/gXGc,
462,Nightcrawler,2014,https://boxd.it/780m,
463,The Handmaiden,2016,https://boxd.it/948A,
464,Too Many Cooks,2014,https://boxd.it/9AIK,
465,Dark Waters,1993,https://boxd.it/2sK,
466,Seconds,1966,https://boxd.it/1Dbe,
467,Lie Detector,2011,https://boxd.it/d2FA,
468,Safe,1995,https://boxd.it/1gKU,
469,The Wonderful Story of Henry Sugar,2023,https://boxd.it/yNyo,
470,The Driver,1978,https://boxd.it/27jW,
471,Alice in Wonderland,1951,https://boxd.it/1Sz6,
472,Black Hawk Down,2001,https://boxd.it/29rI,
473,One Flew Over the Cuckoo's Nest,1975,https://boxd.it/2aeA,
474,Gummo,1997,https://boxd.it/1H0Y,
475,The Second Journey (To Uluru),1981,https://boxd.it/lgEM,
476,Stink Bomb,1995,https://boxd.it/NUog,
477,The Ugly Stepsister,2025,https://boxd.it/MZBM,
478,Triangle of Sadness,2022,https://boxd.it/hXlq,
479,Baraka,1992,https://boxd.it/1OWA,
480,The Co-op Wars,2021,https://boxd.it/vdku,
481,Lady Bird,2017,https://boxd.it/dGNE,
482,Captain Phillips,2013,https://boxd.it/3GPK,
483,Lady and the Tramp,1955,https://boxd.it/1Wv8,
484,Barbarella,1968,https://boxd.it/20Ba,
485,Wet Hot American Summer,2001,https://boxd.it/27hw,
486,Dumb and Dumber,1994,https://boxd.it/206m,
487,The Lighthouse,2019,https://boxd.it/icFU,
488,Icarus,2017,https://boxd.it/fmje,
489,Cabaret,1972,https://boxd.it/1Vpe,
490,Fresh Guacamole,2012,https://boxd.it/4y9S,
491,Exit Through the Gift Shop,2010,https://boxd.it/13E0,
492,They Live,1988,https://boxd.it/20lm,
493,Midnight Cowboy,1969,https://boxd.it/25Hi,
494,Top Gun,1986,https://boxd.it/29JC,
495,Prologue,2015,https://boxd.it/ccik,
496,"Monsters, Inc.",2001,https://boxd.it/2a46,
497,All About Eve,1950,https://boxd.it/29LI,
498,The Mitchells vs. the Machines,2021,https://boxd.it/i7xm,
499,The Dark Knight,2008,https://boxd.it/2b0k,
500,Edge of Tomorrow,2014,https://boxd.it/4pD0,
501,Gasman,1998,https://boxd.it/FWO,
502,The Adventures of Buckaroo Banzai Across the 8th Dimension,1984,https://boxd.it/1TZk,
503,Please Speak Continuously and Describe Your Experiences as They Come to You,2019,https://boxd.it/m00S,
504,"Paris, Texas",1984,https://boxd.it/29Ts,
505,Puss in Boots: The Last Wish,2022,https://boxd.it/aaie,
506,Mirror,1975,https://boxd.it/28Q8,
507,"Beep, Beep",1952,https://boxd.it/eDoI,
508,There's a Man in the Woods,2014,https://boxd.it/cOVk,
509,Boys Don't Cry,1999,https://boxd.it/2aPG,
510,Who Framed Roger Rabbit,1988,https://boxd.it/29ry,
511,Sorry to Bother You,2018,https://boxd.it/f21E,
512,Fiddler on the Roof,1971,https://boxd.it/1Nle,
513,Palm Springs,2020,https://boxd.it/lCXQ,
514,Millennium Actress,2001,https://boxd.it/1fK0,
515,Goodbye Jerome!,2021,https://boxd.it/yqt6,
516,One Hundred and One Dalmatians,1961,https://boxd.it/1SeC,
517,Tangled,2010,https://boxd.it/15gO,
518,The Craft,1996,https://boxd.it/1Zai,
519,Columbus,2017,https://boxd.it/eCuA,
520,Temple Grandin,2010,https://boxd.it/1fbu,
521,Bringing Up Baby,1938,https://boxd.it/29ks,
522,The Italian Job,2003,https://boxd.it/1Y86,4.0 star threshold (14%)
523,The Goonies,1985,https://boxd.it/1YVC,
524,The Fountain,2006,https://boxd.it/28RU,
525,Ethnic Notions,1986,https://boxd.it/4FLO,
526,Blue Velvet,1986,https://boxd.it/29BI,
527,The Birds,1963,https://boxd.it/2a6m,
528,Only Yesterday,1991,https://boxd.it/1MR4,
529,Sunshine,2007,https://boxd.it/28Xy,
530,Pontypool,2008,https://boxd.it/1yBw,
531,A Day in the Country,1946,https://boxd.it/Tm6,
532,Paths of Glory,1957,https://boxd.it/29b6,
533,Inside Out,2015,https://boxd.it/4KHC,
534,House,1977,https://boxd.it/1vsm,
535,The Hangover,2009,https://boxd.it/1GjK,
536,"Lock, Stock and Two Smoking Barrels",1998,https://boxd.it/2b92,
537,Aliens,1986,https://boxd.it/29PA,
538,A Woman Under the Influence,1974,https://boxd.it/1myg,
539,Kung Fu Hustle,2004,https://boxd.it/1YBi,
540,Chicken Run,2000,https://boxd.it/20Xg,
541,Ghost in the Shell,1995,https://boxd.it/1YYc,
542,Inu-Oh,2021,https://boxd.it/nQDE,
543,Redline,2009,https://boxd.it/2pQ0,
544,28 Years Later,2025,https://boxd.it/FEGM,
545,Le Trou,1960,https://boxd.it/1nSw,
546,Breaker Morant,1980,https://boxd.it/1PqK,
547,Dry Ground Burning,2022,https://boxd.it/yY9O,
548,All Is Lost,2013,https://boxd.it/4OgK,
549,Memories,1995,https://boxd.it/Vz2,
550,Dirty Work,1998,https://boxd.it/1NOg,
551,Sleeping Beauty,1959,https://boxd.it/1V9A,
552,Persepolis,2007,https://boxd.it/27DC,
553,Black Panthers,1968,https://boxd.it/4BCe,
554,Zardoz,1974,https://boxd.it/23Fa,
555,But I'm a Cheerleader,1999,https://boxd.it/1CW4,
556,Onibaba,1964,https://boxd.it/252a,
557,Get Out,2017,https://boxd.it/eOCm,
558,Be Cool,2005,https://boxd.it/248w,
559,Tetsuo: The Iron Man,1989,https://boxd.it/ZoM,
560,Burn After Reading,2008,https://boxd.it/23BW,
561,"Synecdoche, New York",2008,https://boxd.it/23zw,
562,The Shining,1980,https://boxd.it/29Nu,
563,Happy Together,1997,https://boxd.it/1Ha0,
564,Through a Glass Darkly,1961,https://boxd.it/1TrW,
565,Mephisto,1981,https://boxd.it/1SN8,
566,Songs from the Second Floor,2000,https://boxd.it/1eoM,
567,Inside Llewyn Davis,2013,https://boxd.it/34Ro,
568,The Fog,1980,https://boxd.it/29Cc,
569,The Leg Fighters,1980,https://boxd.it/2C1u,
570,Uncle Boonmee Who Can Recall His Past Lives,2010,https://boxd.it/168Q,
571,Timelapse of the Future: A Journey to the End of Time,2019,https://boxd.it/lLLu,
572,In the Realm of the Senses,1976,https://boxd.it/22qS,
573,Scanners,1981,https://boxd.it/1YqE,
574,A Few Good Men,1992,https://boxd.it/29nw,
575,I Married a Witch,1942,https://boxd.it/1uJG,
576,Swiss Army Man,2016,https://boxd.it/bDG2,
577,Atlantics,2019,https://boxd.it/hVEK,
578,The Cabin in the Woods,2011,https://boxd.it/1zOc,
579,The Andromeda Strain,1971,https://boxd.it/1W4Q,
580,Long-Haired Hare,1949,https://boxd.it/Fi,
581,Interstella 5555: The 5tory of the 5ecret 5tar 5ystem,2003,https://boxd.it/1ULy,
582,Pinocchio,1940,https://boxd.it/1V8C,
583,How to Train Your Dragon,2010,https://boxd.it/1WRy,
584,Geri's Game,1997,https://boxd.it/1P6U,
585,Mary Poppins,1964,https://boxd.it/2aoA,
586,The General,1926,https://boxd.it/29co,
587,Cinderella,1950,https://boxd.it/1Uki,
588,Black Orpheus,1959,https://boxd.it/11PU,
589,The Gleaners and I,2000,https://boxd.it/S6c,
590,Joyland,2022,https://boxd.it/AlzM,
591,Catch Me If You Can,2002,https://boxd.it/29VS,
592,Fritz the Cat,1972,https://boxd.it/1RCI,
593,The Stepford Wives,1975,https://boxd.it/1Sfq,
594,Point Break,1991,https://boxd.it/2958,
595,Geometry,1987,https://boxd.it/4ZZc,
596,Run Lola Run,1998,https://boxd.it/2b8o,
597,Tucker and Dale vs. Evil,2010,https://boxd.it/Mce,
598,The Fifth Element,1997,https://boxd.it/71k,
599,The Cabinet of Dr. Caligari,1920,https://boxd.it/2aOo,
600,Mirrored Mind,2005,https://boxd.it/2MxK,
601,Prospect,2018,https://boxd.it/iijg,
602,Muppet Treasure Island,1996,https://boxd.it/1VaS,
603,Undercover Blues,1993,https://boxd.it/1Rt2,
604,The Congress,2013,https://boxd.it/4Ota,
605,Labyrinth,1986,https://boxd.it/1POC,
606,The Bad Guys,2022,https://boxd.it/nkg4,
607,"Love, Death & Robots: The Very Pulse of the Machine",2022,https://boxd.it/AW5O,
608,Rango,2011,https://boxd.it/QPk,
609,Raising Arizona,1987,https://boxd.it/2avQ,
610,Meshes of the Afternoon,1943,https://boxd.it/1sEE,
611,The Host,2006,https://boxd.it/28ZY,
612,Donnie Darko,2001,https://boxd.it/2b2A,
613,Naked Lunch,1991,https://boxd.it/26ow,
614,Paranormal Activity,2007,https://boxd.it/1yIM,
615,I Am Legend,2007,https://boxd.it/21DG,
616,The Birdcage,1996,https://boxd.it/1UTi,
617,American Beauty,1999,https://boxd.it/71Y,
618,Klaus,2019,https://boxd.it/ipoi,
619,Scarface,1983,https://boxd.it/2b7g,
620,The Master,2012,https://boxd.it/2cBG,
621,Logan's Run,1976,https://boxd.it/1Vma,
622,Who's Kitten Who?,1952,https://boxd.it/6WGU,
623,Anomalisa,2015,https://boxd.it/97TE,
624,The Prestige,2006,https://boxd.it/293w,
625,The Iron Giant,1999,https://boxd.it/1Wow,
626,Videodrome,1983,https://boxd.it/29uC,
627,Operation: Rabbit,1952,https://boxd.it/3ubI,
628,The Hunger,1983,https://boxd.it/1Tk2,
629,There Will Come Soft Rains,1984,https://boxd.it/3WEo,
630,Bambi,1942,https://boxd.it/25AQ,
631,The Unknown Man of Shandigor,1967,https://boxd.it/5ZkK,
632,Moonlight,2016,https://boxd.it/d6bE,
633,Unforgiven,2013,https://boxd.it/4xdE,
634,The Art of Self-Defense,2019,https://boxd.it/hf5y,
635,The Ballad of Buster Scruggs,2018,https://boxd.it/jB2q,
636,Day of the Dead,1985,https://boxd.it/20dM,
637,The Secret of Kells,2009,https://boxd.it/1sMI,
638,Prey,2022,https://boxd.it/sNBU,
639,Swimmer,2012,https://boxd.it/53Z6,
640,Burning,2018,https://boxd.it/hHUa,
641,Barry Lyndon,1975,https://boxd.it/25A2,
642,The Science of Sleep,2006,https://boxd.it/2aEe,
643,Deep Red,1975,https://boxd.it/1E1E,
644,Old Fangs,2009,https://boxd.it/4ddE,
645,Gravity,2013,https://boxd.it/GZY,
646,Damnation,1988,https://boxd.it/1E28,
647,A Minecraft Movie,2025,https://boxd.it/zRro,
648,Promare,2019,https://boxd.it/keFQ,
649,The Tin Drum,1979,https://boxd.it/29SO,
650,Over the Garden Wall,2014,https://boxd.it/eqFw,
651,Lady Snowblood 2: Love Song of Vengeance,1974,https://boxd.it/1Ggm,
652,David Lynch Cooks Quinoa,2007,https://boxd.it/Ljok,
653,Leo,2023,https://boxd.it/EGzm,
654,Black Caesar,1973,https://boxd.it/1B9q,
655,Too Old to Die Young,2019,https://boxd.it/mwtW,
656,Ossos,1997,https://boxd.it/rdg,
657,The Searchers,1956,https://boxd.it/25HC,
658,Thief,1981,https://boxd.it/1TEc,
659,Identifying Features,2020,https://boxd.it/oina,
660,The Sand Castle,1977,https://boxd.it/4HAI,
661,Scavengers,2016,https://boxd.it/fmFu,
662,The Rocky Horror Picture Show,1975,https://boxd.it/1a3q,
663,Red Desert,1964,https://boxd.it/1ttW,
664,Unbreakable,2000,https://boxd.it/1XV2,
665,Ida,2013,https://boxd.it/6fRg,
666,Paranoia Agent,2004,https://boxd.it/lPy0,
667,His Girl Friday,1940,https://boxd.it/25M8,
668,"You, the Living",2007,https://boxd.it/22xO,
669,Schindler's List,1993,https://boxd.it/2aq2,
670,Twelve O'Clock High,1949,https://boxd.it/1M7g,
671,Oliver & Company,1988,https://boxd.it/1Se8,
672,Luminaris,2011,https://boxd.it/3a0g,
673,Army of Darkness,1992,https://boxd.it/29G4,
674,Double Indemnity,1944,https://boxd.it/297I,
675,What About Bob?,1991,https://boxd.it/1WEk,
676,"Love, Death & Robots: Night of the Mini Dead",2022,https://boxd.it/AW6s,
677,Ring,1998,https://boxd.it/26tw,
678,Training Day,2001,https://boxd.it/27A4,
679,Metropolis,1927,https://boxd.it/71a,
680,Texhnolyze,2003,https://boxd.it/py62,
681,Tron,1982,https://boxd.it/2b9w,
682,Le Million,1931,https://boxd.it/1hha,
683,The Girls,1968,https://boxd.it/4mK8,
684,Dheepan,2015,https://boxd.it/a890,
685,Despicable Me,2010,https://boxd.it/1DD8,
686,Pirates of the Caribbean: The Curse of the Black Pearl,2003,https://boxd.it/70G,
687,The Grapes of Wrath,1940,https://boxd.it/2a2u,
688,La Maison en Petits Cubes,2008,https://boxd.it/1D06,
689,Golden Hour,2021,https://boxd.it/x5Lw,
690,Mommy,2014,https://boxd.it/7Uau,
691,Easy Rider,1969,https://boxd.it/29Ys,
692,The Social Dilemma,2020,https://boxd.it/opQI,
693,The Relic,1997,https://boxd.it/1UR2,
694,Ice Merchants,2022,https://boxd.it/Arx8,
695,The Spirit of the Beehive,1973,https://boxd.it/24eY,
696,Viy,1967,https://boxd.it/nd2,
697,A Girl Walks Home Alone at Night,2014,https://boxd.it/7nZE,
698,Jiro Dreams of Sushi,2011,https://boxd.it/2ONU,
699,Jacob's Ladder,1990,https://boxd.it/270g,
700,Supernova,2020,https://boxd.it/nQ6K,
701,The Grand Budapest Hotel,2014,https://boxd.it/3ZqO,
702,The Long Goodbye,2020,https://boxd.it/ppuO,
703,Encanto,2021,https://boxd.it/kPRu,
704,The Kid,1921,https://boxd.it/1X5U,
705,Resident Evil,2002,https://boxd.it/28z2,
706,When the Cat Comes,1963,https://boxd.it/JJ0,
707,Dredd,2012,https://boxd.it/GZE,
708,Alice,1988,https://boxd.it/1G3C,
709,Rush Hour,1998,https://boxd.it/27pU,
710,The Gold Rush,1925,https://boxd.it/29ce,
711,The Tell-Tale Heart,1953,https://boxd.it/4aHm,
712,Gomorrah,2008,https://boxd.it/1ZG4,
713,Black Sunday,1960,https://boxd.it/1rlG,
714,The Life Aquatic with Steve Zissou,2004,https://boxd.it/2aqw,
715,Sound of Metal,2019,https://boxd.it/i7Q4,
716,The Hustler,1961,https://boxd.it/298G,
717,U.S. Marshals,1998,https://boxd.it/1T2M,
718,Quadrophenia,1979,https://boxd.it/1Wqs,
719,Skinamarink,2022,https://boxd.it/ByDO,
720,Heat,1995,https://boxd.it/2bg8,
721,Zathura: A Space Adventure,2005,https://boxd.it/21mq,
722,Man on Fire,2004,https://boxd.it/1Yvk,
723,Queens of the Qing Dynasty,2022,https://boxd.it/yZYy,
724,Walker,1987,https://boxd.it/1pzc,
725,Big Hero 6,2014,https://boxd.it/5rje,
726,Robin Hood,1973,https://boxd.it/1SRa,
727,No No Nooky T.V.,1987,https://boxd.it/hBXC,
728,The Worst Person in the World,2021,https://boxd.it/oyws,
729,AlphaGo,2017,https://boxd.it/geTA,
730,Ford v Ferrari,2019,https://boxd.it/ce74,
731,Rocky,1976,https://boxd.it/28Uk,
732,Lawrence of Arabia,1962,https://boxd.it/2wRE,
733,Day of Wrath,1943,https://boxd.it/ZtM,
734,A Bug's Life,1998,https://boxd.it/1Yyy,
735,Twister,1996,https://boxd.it/29S0,
736,The Hunt for Red October,1990,https://boxd.it/28lk,
737,THX 1138,1971,https://boxd.it/29Ww,
738,Police Story 4: First Strike,1996,https://boxd.it/1YLC,
739,Night of the Comet,1984,https://boxd.it/1GUw,
740,The Jungle Book,1967,https://boxd.it/1YY2,
741,The Nightingale,2018,https://boxd.it/e1Ga,
742,National Treasure,2004,https://boxd.it/27x0,
743,Inland Empire,2006,https://boxd.it/28d6,
744,Kaiba,2008,https://boxd.it/qIGc,
745,Carnival of Souls,1962,https://boxd.it/1KQ4,
746,Sullivan's Travels,1941,https://boxd.it/1Ko0,
747,Autumn Sonata,1978,https://boxd.it/1Rio,
748,Marty,1955,https://boxd.it/1Leg,
749,Deep Cover,1992,https://boxd.it/1D5g,
750,The Midnight Gospel,2020,https://boxd.it/xlUa,
751,Grand Illusion,1937,https://boxd.it/29Ei,
752,Animal World,2018,https://boxd.it/iQl6,
753,Mass,2021,https://boxd.it/eYAA,
754,Logan,2017,https://boxd.it/7Piy,
755,East of Eden,1955,https://boxd.it/2aQE,
756,Portrait of God,2022,https://boxd.it/CSom,
757,"Love, Death & Robots: Jibaro",2022,https://boxd.it/EqO6,
758,Witchfinder General,1968,https://boxd.it/1i1s,
759,The Hurt Locker,2008,https://boxd.it/1Soi,
760,Speed Racer,2008,https://boxd.it/20UQ,
761,Wall Street,1987,https://boxd.it/1VFG,
762,The Zero Theorem,2013,https://boxd.it/4WDW,
763,Tarzan,1999,https://boxd.it/18YO,
764,The Rescuers,1977,https://boxd.it/1U8Q,
765,Sorcerer,1977,https://boxd.it/14J6,
766,Zu: Warriors from the Magic Mountain,1983,https://boxd.it/16DY,
767,Blue My Mind,2017,https://boxd.it/ghj6,
768,"Honey, I Shrunk the Kids",1989,https://boxd.it/1YTw,
769,127 Hours,2010,https://boxd.it/SLa,
770,Cast Away,2000,https://boxd.it/20i8,
771,Unleashed,2005,https://boxd.it/1Xgy,
772,Landscape Suicide,1986,https://boxd.it/46To,
773,Bliss,2019,https://boxd.it/lAok,
774,Dirty Harry,1971,https://boxd.it/299E,
775,Sunrise: A Song of Two Humans,1927,https://boxd.it/29Xk,
776,The Princess and the Frog,2009,https://boxd.it/1WQq,
777,Flash Gordon,1980,https://boxd.it/257a,
778,A Night at the Opera,1935,https://boxd.it/17G0,
779,Thumb Fun,1952,https://boxd.it/6WGA,
780,Decision to Leave,2022,https://boxd.it/qp9e,
781,Annihilation,2018,https://boxd.it/9yzm,
782,Nope,2022,https://boxd.it/sDCe,
783,The Heroic Trio,1993,https://boxd.it/TYu,
784,Battleship Potemkin,1925,https://boxd.it/29Vo,
785,Yes Man,2008,https://boxd.it/1WPW,
786,The Red Turtle,2016,https://boxd.it/bdkE,
787,Lagaan: Once Upon a Time in India,2001,https://boxd.it/1EII,
788,The Whale,2022,https://boxd.it/tw4c,
789,Canoa: A Shameful Memory,1976,https://boxd.it/3Thw,
790,Tank Girl,1995,https://boxd.it/1Zfs,
791,Interstellar,2014,https://boxd.it/4VZ8,
792,The Wrestler,2008,https://boxd.it/1So8,
793,"Corrina, Corrina",1994,https://boxd.it/1Wcq,
794,Hannah Gadsby: Nanette,2018,https://boxd.it/jfyE,
795,Forrest Gump,1994,https://boxd.it/728,
796,Superbad,2007,https://boxd.it/20hO,
797,Messiah of Evil,1974,https://boxd.it/1wLY,
798,Witness for the Prosecution,1957,https://boxd.it/18H4,
799,White Rock,1977,https://boxd.it/dcmS,
800,Critters,1986,https://boxd.it/24Sk,
801,"The Adventures of Priscilla, Queen of the Desert",1994,https://boxd.it/26mg,
802,Lu Over the Wall,2017,https://boxd.it/ftYy,
803,The Illusionist,2010,https://boxd.it/ZWY,
804,Lemony Snicket's A Series of Unfortunate Events,2004,https://boxd.it/1T7s,
805,A Man There Was,1917,https://boxd.it/3Ef6,
806,Simon of the Desert,1965,https://boxd.it/1aXe,
807,Man with a Movie Camera,1929,https://boxd.it/1u7s,
808,The Black Tower,1987,https://boxd.it/bz1a,
809,"O Brother, Where Art Thou?",2000,https://boxd.it/2b3I,
810,Law of the Border,1966,https://boxd.it/5WxQ,
811,D.E.B.S.,2004,https://boxd.it/2aaS,
812,The Running Man,1987,https://boxd.it/29q6,
813,mother!,2017,https://boxd.it/dgRU,
814,We're All Going to the World's Fair,2021,https://boxd.it/tbmY,
815,Shaun of the Dead,2004,https://boxd.it/29J8,
816,Goldfinger,1964,https://boxd.it/29SY,
817,Le Samouraï,1967,https://boxd.it/22ZI,
818,Tangerine,2015,https://boxd.it/9QRe,
819,Se7en,1995,https://boxd.it/29zs,
820,The Martian,2015,https://boxd.it/8SeG,3.5 star threshold (16%)
821,The Cable Guy,1996,https://boxd.it/1XAI,
822,The Nutty Professor,1963,https://boxd.it/1H9Q,
823,Frances Ha,2012,https://boxd.it/41Xg,
824,Gremlins 2: The New Batch,1990,https://boxd.it/29g6,
825,The Horse's Mouth,1958,https://boxd.it/Vc8,
826,Sleepwalkers,1992,https://boxd.it/1TRA,
827,A Serious Man,2009,https://boxd.it/1RFW,
828,Tommy Boy,1995,https://boxd.it/1TZ0,
829,Dave Made a Maze,2017,https://boxd.it/fof4,
830,Sonic the Hedgehog,2020,https://boxd.it/gdK8,
831,The Cat Came Back,1988,https://boxd.it/2Qys,
832,Inside Out 2,2024,https://boxd.it/CFrC,
833,21-87,1963,https://boxd.it/5xGe,
834,The 'Burbs,1989,https://boxd.it/1SDi,
835,Monica,2022,https://boxd.it/jHlI,
836,Feed the Kitty,1952,https://boxd.it/2WDy,
837,Vampyr,1932,https://boxd.it/29DY,
838,Werewolf,2016,https://boxd.it/erMI,
839,Mad God,2021,https://boxd.it/vVPm,
840,Watership Down,1978,https://boxd.it/1SYg,
841,A Scanner Darkly,2006,https://boxd.it/25jK,
842,Jumpy,2017,https://boxd.it/h1OO,
843,6 Days to Air: The Making of South Park,2011,https://boxd.it/2DoE,
844,Rounders,1998,https://boxd.it/1WMS,
845,Mad Max Beyond Thunderdome,1985,https://boxd.it/1YTm,
846,"history of the entire world, i guess",2017,https://boxd.it/rQx0,
847,Liar Liar,1997,https://boxd.it/28sg,
848,Con Air,1997,https://boxd.it/28gO,
849,From Russia with Love,1963,https://boxd.it/29T8,
850,The Tale of the Fox,1937,https://boxd.it/3b3K,
851,Blue Valentine,2010,https://boxd.it/MxG,
852,Jerry Maguire,1996,https://boxd.it/1YNS,
853,Toy Story 2,1999,https://boxd.it/29qq,
854,When Evil Lurks,2023,https://boxd.it/rXBe,
855,American History X,1998,https://boxd.it/2bdo,
856,Serenity,2005,https://boxd.it/1Km4,
857,Signs,2002,https://boxd.it/26t2,
858,Trancers,1984,https://boxd.it/22Ma,
859,Limite,1931,https://boxd.it/20iW,
860,Elvira: Mistress of the Dark,1988,https://boxd.it/22LG,
861,How to Blow Up a Pipeline,2022,https://boxd.it/C69e,
862,Man on the Moon,1999,https://boxd.it/281k,
863,Ergo Proxy,2006,https://boxd.it/pDni,
864,The Summit of the Gods,2021,https://boxd.it/qFIu,
865,The Breadwinner,2017,https://boxd.it/frLs,
866,The Lego Movie 2: The Second Part,2019,https://boxd.it/8BAU,
867,Frankenhooker,1990,https://boxd.it/1saE,
868,The Happiness of the Katakuris,2001,https://boxd.it/1KDY,
869,The Mighty Ducks,1992,https://boxd.it/1Wka,
870,The Lair of the White Worm,1988,https://boxd.it/1U4u,
871,The Handmaid's Tale,1990,https://boxd.it/1CS2,
872,Colossal,2016,https://boxd.it/biZi,
873,Swarm,2023,https://boxd.it/FIFe,
874,Joy Ride,2023,https://boxd.it/wEeK,
875,Hulk,2003,https://boxd.it/27PS,
876,Batman: Mask of the Phantasm,1993,https://boxd.it/1N6S,
877,Batman & Mr. Freeze: SubZero,1998,https://boxd.it/1Luo,
878,Man Up,2015,https://boxd.it/aWkW,
879,You Were Never Really Here,2017,https://boxd.it/dWOS,
880,The Miracle of Morgan’s Creek,1943,https://boxd.it/VO2,
881,Children of Men,2006,https://boxd.it/1Y2i,
882,Lifted,2006,https://boxd.it/1QW8,
883,Jojo Rabbit,2019,https://boxd.it/iEBG,
884,The Exterminating Angel,1962,https://boxd.it/1nRS,
885,The Eagle Shooting Heroes,1993,https://boxd.it/svA,
886,Slumdog Millionaire,2008,https://boxd.it/1S3E,
887,The Act of Killing,2012,https://boxd.it/44Cg,
888,Hereditary,2018,https://boxd.it/hNVe,
889,The Revenant,2015,https://boxd.it/8H5e,
890,Slither,2006,https://boxd.it/1Zks,
891,Spring,2014,https://boxd.it/76Sm,
892,M*A*S*H,1970,https://boxd.it/29U6,
893,Candyman,2021,https://boxd.it/kHFg,
894,Invader Zim: Enter the Florpus,2019,https://boxd.it/gXDM,
895,Mr. Freedom,1968,https://boxd.it/1srg,
896,Baby Driver,2017,https://boxd.it/bhF2,
897,Toy Story 4,2019,https://boxd.it/9ALu,
898,The Wrong Man,1956,https://boxd.it/1AqK,
899,Possibly in Michigan,1983,https://boxd.it/aXA2,
900,The Lobster,2015,https://boxd.it/7tnw,
901,The Santa Clause,1994,https://boxd.it/1TWK,
902,Motel Hell,1980,https://boxd.it/1khs,
903,Paddington,2014,https://boxd.it/3RKw,
904,First Love,2019,https://boxd.it/m0iC,
905,Detour,1945,https://boxd.it/1DB2,
906,Fast & Furious 6,2013,https://boxd.it/2UG6,
907,Mandy,2018,https://boxd.it/gtti,
908,It Follows,2014,https://boxd.it/87wo,
909,The Tatami Galaxy,2010,https://boxd.it/oL50,
910,West Side Story,1961,https://boxd.it/28dK,
911,American Grindhouse,2010,https://boxd.it/2ssq,
912,The Village,2004,https://boxd.it/21iS,
913,My Octopus Teacher,2020,https://boxd.it/prk2,
914,Evil Dead Rise,2023,https://boxd.it/qIvo,
915,Scott Pilgrim vs. the World,2010,https://boxd.it/1Aq6,
916,Black Sabbath,1963,https://boxd.it/1qoa,
917,Field Notes,2014,https://boxd.it/a6cw,
918,Frozen,2013,https://boxd.it/3GNa,
919,Killer of Sheep,1978,https://boxd.it/1rPc,
920,The Third Man,1949,https://boxd.it/294E,
921,Little Women,2019,https://boxd.it/aSVk,
922,Sin City,2005,https://boxd.it/2aVk,
923,Slacker,1990,https://boxd.it/1OUu,
924,City Lights,1931,https://boxd.it/29ki,
925,Coming Out,2020,https://boxd.it/sh0C,
926,The Departed,2006,https://boxd.it/28MA,
927,Y Tu Mamá También,2001,https://boxd.it/28QM,
928,The Unknown,1927,https://boxd.it/1rEy,
929,My Life as a Zucchini,2016,https://boxd.it/dL2y,
930,The Taking of Deborah Logan,2014,https://boxd.it/9r3o,
931,UHF,1989,https://boxd.it/1SFI,
932,Eros + Massacre,1969,https://boxd.it/2HSo,
933,The Banshees of Inisherin,2022,https://boxd.it/p7XS,
934,The Umbrellas of Cherbourg,1964,https://boxd.it/22fK,
935,The Dot and the Line: A Romance in Lower Mathematics,1965,https://boxd.it/2Z26,
936,Long Way North,2015,https://boxd.it/bAhe,
937,The Avengers,2012,https://boxd.it/1xFW,
938,Viridiana,1961,https://boxd.it/24eE,
939,Life of Pi,2012,https://boxd.it/37pC,
940,Umberto D.,1952,https://boxd.it/29vg,
941,McHale's Navy,1997,https://boxd.it/1N8a,
942,Richard Jewell,2019,https://boxd.it/99Mg,
943,Hugo,2011,https://boxd.it/R08,
944,C.H.U.D. II: Bud the Chud,1989,https://boxd.it/xfi,
945,Shanghai Noon,2000,https://boxd.it/202a,
946,Style Wars,1983,https://boxd.it/1n9w,
947,Edward II,1991,https://boxd.it/TVA,
948,Ip Man,2008,https://boxd.it/1NrQ,
949,The Blood on Satan's Claw,1971,https://boxd.it/1td0,
950,Un Chien Andalou,1929,https://boxd.it/29Y8,
951,Shaun the Sheep Movie,2015,https://boxd.it/7Pdy,
952,Twilight,1990,https://boxd.it/3Igi,
953,Convergence,2016,https://boxd.it/blM2,
954,The Purple Rose of Cairo,1985,https://boxd.it/1VeU,
955,The Woman in the House Across the Street from the Girl in the Window,2022,https://boxd.it/ywaO,
956,Repulsion,1965,https://boxd.it/1TKu,
957,The Matrix Revolutions,2003,https://boxd.it/2a12,
958,High and Low,1963,https://boxd.it/1RSc,
959,Dersu Uzala,1975,https://boxd.it/1XRO,
960,Fantasia,1940,https://boxd.it/29HG,
961,Dirty Computer,2018,https://boxd.it/iLhe,
962,Streets of Fire,1984,https://boxd.it/1Nt8,
963,Eastern Promises,2007,https://boxd.it/275q,
964,Moneyball,2011,https://boxd.it/glS,
965,Screen Play,1993,https://boxd.it/4fpi,
966,Once Upon a Time in China,1991,https://boxd.it/1VOy,
967,Evil Dead,2013,https://boxd.it/3GPq,
968,Snow White and the Seven Dwarfs,1937,https://boxd.it/2arO,
969,Starship Troopers,1997,https://boxd.it/2a7k,
970,Hot Fuzz,2007,https://boxd.it/2416,
971,Bones,2001,https://boxd.it/1TZa,
972,Whiplash,2014,https://boxd.it/7bQA,
973,Neptune Frost,2021,https://boxd.it/oZ04,
974,Battle Royale,2000,https://boxd.it/25zS,
975,Ong-Bak,2003,https://boxd.it/1YZk,
976,It's a Wonderful Life,1946,https://boxd.it/28xA,
977,Contagion,2011,https://boxd.it/13rq,
978,Colza,2020,https://boxd.it/s6rC,
979,The Monk and the Fish,1994,https://boxd.it/IlQ,
980,Rogue One: A Star Wars Story,2016,https://boxd.it/aPvy,
981,The Faculty,1998,https://boxd.it/1Z5C,
982,Miss Congeniality,2000,https://boxd.it/28GM,
983,Mission: Impossible – Ghost Protocol,2011,https://boxd.it/psI,
984,Edward Scissorhands,1990,https://boxd.it/2aZc,
985,Angels in the Outfield,1994,https://boxd.it/1wYo,
986,Green Room,2015,https://boxd.it/a75m,
987,Independence Day,1996,https://boxd.it/2a1w,
988,Tootsie,1982,https://boxd.it/1YkG,
989,The Witches of Eastwick,1987,https://boxd.it/2272,
990,In a Lonely Place,1950,https://boxd.it/1JgO,
991,The Cat Concerto,1947,https://boxd.it/134Q,
992,The Dead Lands,2014,https://boxd.it/8KJm,
993,Spaceballs,1987,https://boxd.it/29cy,
994,The Lure,2015,https://boxd.it/d3mE,
995,Airheads,1994,https://boxd.it/1POW,
996,Jennifer's Body,2009,https://boxd.it/1Efw,
997,Highlander,1986,https://boxd.it/20GE,
998,Breakfast at Tiffany's,1961,https://boxd.it/2aYS,
999,PG: Psycho Goreman,2020,https://boxd.it/oY2I,
1000,Rain Man,1988,https://boxd.it/2avw,
1001,Downfall,2004,https://boxd.it/2a04,
1002,Slaughterbots,2017,https://boxd.it/hAv8,
1003,Winnie the Pooh,2011,https://boxd.it/C0C,
1004,Color Out of Space,2019,https://boxd.it/k1HY,
1005,The Machinist,2004,https://boxd.it/248c,
1006,The Last Picture Show,1971,https://boxd.it/1weg,
1007,Million Dollar Baby,2004,https://boxd.it/2bdI,
1008,The Color of Pomegranates,1969,https://boxd.it/1u94,
1009,Candyman,1992,https://boxd.it/1Ys6,
1010,A Shaun the Sheep Movie: Farmageddon,2019,https://boxd.it/eXfm,
1011,Fruitvale Station,2013,https://boxd.it/4VRy,
1012,Fear Street: 1978,2021,https://boxd.it/lLBu,
1013,Three Kings,1999,https://boxd.it/21IG,
1014,The Crow,1994,https://boxd.it/1Yxq,
1015,Blood and Black Lace,1964,https://boxd.it/1qme,
1016,Ex Machina,2015,https://boxd.it/7T2k,
1017,Pineapple Express,2008,https://boxd.it/1WRS,
1018,Thirteen Women,1932,https://boxd.it/3clq,
1019,Finding Dory,2016,https://boxd.it/4aAA,
1020,Over the Moon,2020,https://boxd.it/kv2Q,
1021,Midnight Family,2019,https://boxd.it/kL0c,
1022,The Neon Demon,2016,https://boxd.it/9AnW,
1023,Coffee and Cigarettes,2003,https://boxd.it/29nc,
1024,Evil Does Not Exist,2023,https://boxd.it/HJrc,
1025,Return of the Jedi,1983,https://boxd.it/27Vm,
1026,The Art of Lotte Reiniger,1970,https://boxd.it/d6ng,
1027,Ronin,1998,https://boxd.it/20wa,
1028,This Magnificent Cake!,2018,https://boxd.it/iNUC,
1029,The Mist,2007,https://boxd.it/22r2,
1030,The Territory,2022,https://boxd.it/ypt0,
1031,The Man Who Knew Too Little,1997,https://boxd.it/1YKa,
1032,Singin' in the Rain,1952,https://boxd.it/29oY,
1033,Coherence,2013,https://boxd.it/6xza,
1034,Bolt,2008,https://boxd.it/1QXg,
1035,Gone Girl,2014,https://boxd.it/6hQu,
1036,The Lego Batman Movie,2017,https://boxd.it/azp0,
1037,Tenebre,1982,https://boxd.it/1mRM,
1038,Isle of Dogs,2018,https://boxd.it/dZrW,
1039,The Boondock Saints,1999,https://boxd.it/20gw,
1040,Spanglish,2004,https://boxd.it/26Cy,
1041,Interesting Ball,2014,https://boxd.it/9BCS,
1042,Afternoon Class,2015,https://boxd.it/gh7k,
1043,The Artist,2011,https://boxd.it/2AwK,
1044,The Little Mermaid,1989,https://boxd.it/1WYO,
1045,Tenet,2020,https://boxd.it/leq4,
1046,To Take A Wife,2004,https://boxd.it/jFm,
1047,Then Came You,2018,https://boxd.it/d3F2,
1048,Shrek Forever After,2010,https://boxd.it/1WRo,
1049,Chicken Run: Dawn of the Nugget,2023,https://boxd.it/iTww,
1050,Ginger & Rosa,2012,https://boxd.it/41Ig,
1051,Alita: Battle Angel,2019,https://boxd.it/e0rS,
1052,No Escape,1994,https://boxd.it/1Wf0,
1053,8½,1963,https://boxd.it/2aqm,
1054,Platoon,1986,https://boxd.it/29BS,
1055,The Blue Umbrella,2013,https://boxd.it/61Wm,
1056,Brave,2012,https://boxd.it/bVG,
1057,From Dusk Till Dawn,1996,https://boxd.it/29HQ,
1058,The Keep,1983,https://boxd.it/1umW,
1059,Shaun the Sheep: The Flight Before Christmas,2021,https://boxd.it/txO6,
1060,Us,2019,https://boxd.it/gnV6,
1061,Man Bites Dog,1992,https://boxd.it/1X7Q,
1062,Dr. No,1962,https://boxd.it/29UU,
1063,Barbie,2023,https://boxd.it/bCLK,
1064,Daniel Isn't Real,2019,https://boxd.it/jAx8,
1065,Finding Nemo,2003,https://boxd.it/72i,
1066,This Is Spinal Tap,1984,https://boxd.it/1UOs,
1067,Gone in Sixty Seconds,2000,https://boxd.it/1Y4y,
1068,Juno,2007,https://boxd.it/210a,
1069,Birdman or (The Unexpected Virtue of Ignorance),2014,https://boxd.it/5RFA,
1070,The Raid,2011,https://boxd.it/3hBy,
1071,C.H.U.D.,1984,https://boxd.it/1yRk,
1072,Long Day's Journey Into Night,2018,https://boxd.it/hw1I,
1073,BlacKkKlansman,2018,https://boxd.it/hxL8,
1074,Knives Out,2019,https://boxd.it/jWEA,
1075,A Fantastic Fear of Everything,2012,https://boxd.it/3t0Y,
1076,Batman Begins,2005,https://boxd.it/2aIg,
1077,Hair Wolf,2018,https://boxd.it/i2Js,
1078,Nocturnal Animals,2016,https://boxd.it/bkFu,
1079,Doctor Strange,2016,https://boxd.it/8MH8,
1080,Chungking Express,1994,https://boxd.it/1UDa,
1081,Mr. Deeds,2002,https://boxd.it/27BQ,
1082,Tropic Thunder,2008,https://boxd.it/20WM,
1083,Maverick,1994,https://boxd.it/1YSI,
1084,Dumbo,1941,https://boxd.it/1U2o,
1085,Furious 7,2015,https://boxd.it/5cVs,
1086,Luca,2021,https://boxd.it/ipjC,
1087,Something Wild,1986,https://boxd.it/1UbU,
1088,Guardians of the Galaxy,2014,https://boxd.it/3VH2,
1089,Charm City Kings,2020,https://boxd.it/kbUS,
1090,Sisters,1972,https://boxd.it/1AMc,
1091,Guillermo del Toro's Pinocchio,2022,https://boxd.it/kjMW,
1092,Vibes,1988,https://boxd.it/1CiI,
1093,Blow Out,1981,https://boxd.it/1TlE,
1094,TRON: Legacy,2010,https://boxd.it/1Dlo,
1095,Beyond the Black Rainbow,2010,https://boxd.it/EzY,
1096,"Love, Death & Robots: Three Robots",2019,https://boxd.it/lECK,
1097,A Bride for Rip Van Winkle,2016,https://boxd.it/dj9c,
1098,I'm Not There,2007,https://boxd.it/24Ys,
1099,Final Destination,2000,https://boxd.it/1YrC,
1100,Gladiator,2000,https://boxd.it/2b9m,
1101,Casino,1995,https://boxd.it/2ads,
1102,Small Deaths,1996,https://boxd.it/FWk,
1103,A Ghost Story,2017,https://boxd.it/fb0K,
1104,White Christmas,1954,https://boxd.it/1Qky,
1105,The Last Starfighter,1984,https://boxd.it/1SRk,
1106,The Wolf of Wall Street,2013,https://boxd.it/3C1m,
1107,Faust,1994,https://boxd.it/1G3i,
1108,Miller's Crossing,1990,https://boxd.it/2avG,
1109,The Usual Suspects,1995,https://boxd.it/29XE,
1110,1408,2007,https://boxd.it/25Vu,
1111,Burden of proof,2021,https://boxd.it/EfaY,
1112,Onward,2020,https://boxd.it/io92,
1113,The Butterfly Effect,2004,https://boxd.it/27M0,
1114,Monsters,2010,https://boxd.it/Tdy,
1115,The Final Cut,2004,https://boxd.it/1UDO,
1116,John Wick: Chapter 3 – Parabellum,2019,https://boxd.it/gmFw,
1117,Space Jam,1996,https://boxd.it/26YO,
1118,Matchstick Men,2003,https://boxd.it/215a,
1119,Wish Dragon,2021,https://boxd.it/k6w2,3.0 star threshold (16%)
1120,"I, Robot",2004,https://boxd.it/27y8,
1121,Megamind,2010,https://boxd.it/16Sk,
1122,Hair Love,2019,https://boxd.it/lI1I,
1123,Across 110th Street,1972,https://boxd.it/1yHO,
1124,Fox and His Friends,1975,https://boxd.it/Xma,
1125,Falling Down,1993,https://boxd.it/194M,
1126,Melancholia,2011,https://boxd.it/bPI,
1127,Avengers: Infinity War,2018,https://boxd.it/9vEe,
1128,Porky Pig's Feat,1943,https://boxd.it/3rek,
1129,Funny Games,2007,https://boxd.it/207a,
1130,How to Lose a Guy in 10 Days,2003,https://boxd.it/1XwG,
1131,The Witch,2015,https://boxd.it/9X0m,
1132,Waterworld,1995,https://boxd.it/1XLG,
1133,When Marnie Was There,2014,https://boxd.it/78pm,
1134,Wolf Children,2012,https://boxd.it/3Ipk,
1135,Leprechaun,1993,https://boxd.it/1T2i,
1136,Raw,2016,https://boxd.it/dLd2,
1137,Moulin Rouge!,2001,https://boxd.it/29wI,
1138,Heaven Knows What,2014,https://boxd.it/8P1a,
1139,High Life,2018,https://boxd.it/d6bk,
1140,Ordet,1955,https://boxd.it/Jiy,
1141,Out North: MNLGBTQ History,2017,https://boxd.it/siSg,
1142,Valerie and Her Week of Wonders,1970,https://boxd.it/NsC,
1143,Eighth Grade,2018,https://boxd.it/hDMG,
1144,The Fox and the Hound,1981,https://boxd.it/1V0o,
1145,Lance Lizardi,2017,https://boxd.it/gwFG,
1146,Train to Busan,2016,https://boxd.it/dSQU,
1147,Lumière & Company,1995,https://boxd.it/IHM,
1148,The Pink Panther,2006,https://boxd.it/1Sys,
1149,Nuggets,2014,https://boxd.it/9LQg,
1150,American Gangster,2007,https://boxd.it/23wi,
1151,Earth Girls Are Easy,1988,https://boxd.it/27bI,
1152,L'Avventura,1960,https://boxd.it/23hs,
1153,Ant-Man and the Wasp,2018,https://boxd.it/cqUW,
1154,Hair Piece: A Film for Nappy Headed People,1984,https://boxd.it/bDuU,
1155,Solaris,2002,https://boxd.it/27qS,
1156,The Kings of the World,2022,https://boxd.it/w0aS,
1157,The Adventures of Ichabod and Mr. Toad,1949,https://boxd.it/1Q7E,
1158,Strange World,2022,https://boxd.it/x6Li,
1159,County Hospital,1932,https://boxd.it/HTC,
1160,The Seven Days,2008,https://boxd.it/1REE,
1161,Chappie,2015,https://boxd.it/5Y3e,
1162,On the Silver Globe,1988,https://boxd.it/1sAM,
1163,Balance,1989,https://boxd.it/ScO,
1164,Shaolin Soccer,2001,https://boxd.it/1T86,
1165,About Tap,1985,https://boxd.it/gBFc,
1166,Men,2022,https://boxd.it/tlc0,
1167,Kaizo Trap,2015,https://boxd.it/lBMM,
1168,Grown Ups,2010,https://boxd.it/169a,
1169,Up in the Air,2009,https://boxd.it/1zPY,
1170,Game Night,2018,https://boxd.it/fRtu,
1171,True Romance,1993,https://boxd.it/2aBa,
1172,Don't Peek,2020,https://boxd.it/sw9u,
1173,Star Wars: The Force Awakens,2015,https://boxd.it/4vru,
1174,Solaris,1972,https://boxd.it/2a2Y,
1175,Desperado,1995,https://boxd.it/20Bk,
1176,Tremors 2: Aftershocks,1996,https://boxd.it/1UIk,
1177,While You Were Sleeping,1995,https://boxd.it/27wm,
1178,*batteries not included,1987,https://boxd.it/1TAk,
1179,TÁR,2022,https://boxd.it/uNIA,
1180,Hedwig and the Angry Inch,2001,https://boxd.it/1Qfe,
1181,In a Heartbeat,2017,https://boxd.it/ggzW,
1182,Noah,2014,https://boxd.it/34QA,
1183,Brick,2005,https://boxd.it/1Z6A,
1184,Rubber,2010,https://boxd.it/P2m,
1185,"Night Is Short, Walk On Girl",2017,https://boxd.it/ffwA,
1186,Argo,2012,https://boxd.it/2czU,
1187,Beware! The Blob,1972,https://boxd.it/10sK,
1188,The Forty-Year-Old Version,2020,https://boxd.it/mYXq,
1189,The Conjuring,2013,https://boxd.it/4sr2,
1190,Star Wars: Episode I – The Phantom Menace,1999,https://boxd.it/27Vc,
1191,Fool Coverage,1952,https://boxd.it/6WFi,
1192,Avatar: The Way of Water,2022,https://boxd.it/2E2E,
1193,Other Side of the Box,2018,https://boxd.it/lXsa,
1194,The World of Kanako,2014,https://boxd.it/7nCq,
1195,Plastic Wars,2020,https://boxd.it/te1O,
1196,Pain & Gain,2013,https://boxd.it/4lp4,
1197,High Tide,1987,https://boxd.it/EKs,
1198,Willy Wonka & the Chocolate Factory,1971,https://boxd.it/2aLu,
1199,Southern Comfort,1981,https://boxd.it/1RMI,
1200,"Institute Benjamenta, or This Dream People Call Human Life",1995,https://boxd.it/11fW,
1201,Fun and Fancy Free,1947,https://boxd.it/LXI,
1202,Necktie,2013,https://boxd.it/CfYA,
1203,The Hunger Games,2012,https://boxd.it/2uds,
1204,Pacific Rim,2013,https://boxd.it/2cB2,
1205,Cube,1997,https://boxd.it/2aoU,
1206,The Fast and the Furious,2001,https://boxd.it/1XMu,
1207,Star Wars: The Last Jedi,2017,https://boxd.it/5xme,
1208,Knight of Cups,2015,https://boxd.it/34Qq,
1209,A Gray State,2017,https://boxd.it/ghiC,
1210,Every Child,1979,https://boxd.it/IRC,
1211,The Brood,1979,https://boxd.it/1ovS,
1212,Ad Astra,2019,https://boxd.it/ePzI,
1213,Back to the Future Part II,1989,https://boxd.it/2aYI,
1214,3 Godfathers,1948,https://boxd.it/1nTO,
1215,The World's End,2013,https://boxd.it/3EiO,
1216,Rent,2005,https://boxd.it/2844,
1217,Reign of Fire,2002,https://boxd.it/21QA,
1218,Human Nature,2001,https://boxd.it/2ani,
1219,Nightmare Alley,2021,https://boxd.it/m0HC,
1220,Saw,2004,https://boxd.it/2aWW,
1221,Foxy by Proxy,1952,https://boxd.it/6WHe,
1222,4 Artists Paint 1 Tree: A Walt Disney 'Adventure in Art',1958,https://boxd.it/aelm,
1223,Monsieur Hulot's Holiday,1953,https://boxd.it/29E8,
1224,The Chronicles of Riddick,2004,https://boxd.it/26iy,
1225,Leprechaun 3,1995,https://boxd.it/1Fme,
1226,Exotica,1994,https://boxd.it/1DXW,
1227,Incredibles 2,2018,https://boxd.it/7IPg,
1228,Zoolander,2001,https://boxd.it/1YMA,
1229,Thor: Ragnarok,2017,https://boxd.it/8MHi,
1230,Lucky Number Slevin,2006,https://boxd.it/2aVu,
1231,Harold and Maude,1971,https://boxd.it/2axM,
1232,A Snake of June,2002,https://boxd.it/1fuQ,
1233,Meet the Parents,2000,https://boxd.it/28vE,
1234,Sideways,2004,https://boxd.it/1Y5c,
1235,Time Lapse,2014,https://boxd.it/8hCQ,
1236,Lights Out,2016,https://boxd.it/bAHc,
1237,World of Tomorrow,2015,https://boxd.it/9Gr6,
1238,Once Upon a Time... in Hollywood,2019,https://boxd.it/gH0O,
1239,Underworld: Rise of the Lycans,2009,https://boxd.it/1RZs,
1240,Repo! The Genetic Opera,2008,https://boxd.it/1Ogu,
1241,The Call,2020,https://boxd.it/l94W,
1242,Father and Daughter,2000,https://boxd.it/I2k,
1243,The Room,2003,https://boxd.it/1ICY,
1244,Star Wars: The Rise of Skywalker,2019,https://boxd.it/5xlK,
1245,Coming to America,1988,https://boxd.it/1Ygu,
1246,Village of the Damned,1995,https://boxd.it/1Suq,
1247,Underworld,2003,https://boxd.it/2aHs,
1248,Witch's Cradle,1944,https://boxd.it/KLm,
1249,Sonic the Hedgehog 3,2024,https://boxd.it/zq0U,
1250,Leviathan,1989,https://boxd.it/1Oey,
1251,Alien³,1992,https://boxd.it/20zS,
1252,Baby Assassins: 2 Babies,2023,https://boxd.it/ELnU,
1253,Shin Godzilla,2016,https://boxd.it/a9lm,
1254,Happiness for Beginners,2023,https://boxd.it/xflo,
1255,"Love, Death & Robots: Mason's Rats",2022,https://boxd.it/AW76,
1256,Safety Last!,1923,https://boxd.it/1AkW,
1257,Black Moon,1975,https://boxd.it/1rYo,
1258,16 Blocks,2006,https://boxd.it/27cc,
1259,Old Man,2012,https://boxd.it/f4wE,
1260,Mrs. Doubtfire,1993,https://boxd.it/29Cw,
1261,14 Carrot Rabbit,1952,https://boxd.it/5f0O,
1262,The Plague Dogs,1982,https://boxd.it/1m38,
1263,Elemental,2023,https://boxd.it/ASiE,
1264,The Lost World: Jurassic Park,1997,https://boxd.it/2azS,
1265,Cars 3,2017,https://boxd.it/7IPq,
1266,Lord of War,2005,https://boxd.it/284y,
1267,The Vast of Night,2019,https://boxd.it/kJyc,
1268,Victoria,2015,https://boxd.it/amSe,
1269,World War Z,2013,https://boxd.it/2p2E,
1270,Coraline,2009,https://boxd.it/1NhQ,
1271,Where Is the Friend's House?,1987,https://boxd.it/ELg,
1272,The Sixth Sense,1999,https://boxd.it/29Js,
1273,Bullet Train,2022,https://boxd.it/qW26,
1274,Warm Bodies,2013,https://boxd.it/2TFm,
1275,DumbLand,2001,https://boxd.it/63aa,
1276,30 Days of Night,2007,https://boxd.it/24dw,
1277,The House That Jack Built,2018,https://boxd.it/dWO4,
1278,The Adventures of Dr. Dolittle: Tale 1 - The Trip to Africa,1928,https://boxd.it/b5Ua,
1279,Hellboy II: The Golden Army,2008,https://boxd.it/1Ug6,
1280,FLCL,2000,https://boxd.it/bWtG,
1281,Wallace & Gromit: Vengeance Most Fowl,2024,https://boxd.it/z14C,
1282,Cut-Throats Nine,1971,https://boxd.it/1nlW,
1283,Django Unchained,2012,https://boxd.it/2cCk,
1284,Robin Robin,2021,https://boxd.it/o9OQ,
1285,The Dead Zone,1983,https://boxd.it/1U6g,
1286,What We Do in the Shadows,2014,https://boxd.it/7eQy,
1287,Hellboy,2004,https://boxd.it/28HK,
1288,We Need to Talk About Kevin,2011,https://boxd.it/2pTS,
1289,Cléo from 5 to 7,1962,https://boxd.it/2agm,
1290,Hancock,2008,https://boxd.it/1Zv6,
1291,The Creeping Flesh,1973,https://boxd.it/WPq,
1292,50 First Dates,2004,https://boxd.it/285c,
1293,60 Cycles,1965,https://boxd.it/jTMc,
1294,Looper,2012,https://boxd.it/ham,
1295,The New World,2005,https://boxd.it/1TVW,
1296,The Chronicles of Riddick: Dark Fury,2004,https://boxd.it/26ie,
1297,Fuelled,2021,https://boxd.it/yqMs,
1298,Four Rooms,1995,https://boxd.it/73g,
1299,Pod,2015,https://boxd.it/avMu,
1300,Borat Subsequent Moviefilm,2020,https://boxd.it/rNS0,
1301,The Piano Tuner of Earthquakes,2005,https://boxd.it/RNE,
1302,The Great Mouse Detective,1986,https://boxd.it/1XlI,
1303,Splitscreen: A Love Story,2011,https://boxd.it/5N7k,
1304,The Rescuers Down Under,1990,https://boxd.it/1Uya,
1305,Fantasia 2000,1999,https://boxd.it/ENG,
1306,Before I Fall,2017,https://boxd.it/dW0I,
1307,The End of Suffering (A Proposal),2020,https://boxd.it/rjZA,
1308,A Woman Is a Woman,1961,https://boxd.it/1iUC,
1309,Don't Think Twice,2016,https://boxd.it/c3W6,
1310,The Laundromat,2019,https://boxd.it/iLUK,
1311,Ghost in the Shell,2017,https://boxd.it/abTA,
1312,Little Miss Sunshine,2006,https://boxd.it/29EW,
1313,Indiana Jones and the Kingdom of the Crystal Skull,2008,https://boxd.it/2aR8,
1314,Species,1995,https://boxd.it/1YUk,
1315,Tokyo Fist,1995,https://boxd.it/Z2m,
1316,Kill Bill: Vol. 2,2004,https://boxd.it/2au4,
1317,The Simpsons Movie,2007,https://boxd.it/6YU,
1318,21 Jump Street,2012,https://boxd.it/J0,
1319,ARQ,2016,https://boxd.it/erMS,
1320,Dark City,1998,https://boxd.it/26uk,
1321,I Know What You Did Last Summer,1997,https://boxd.it/2588,
1322,End of Watch,2012,https://boxd.it/2F5O,
1323,Deadpool,2016,https://boxd.it/9fOC,
1324,Cruising,1980,https://boxd.it/1qzW,
1325,Six Men Getting Sick,1967,https://boxd.it/HDu,
1326,Lady in the Water,2006,https://boxd.it/1Y1E,
1327,Midnight Special,2016,https://boxd.it/7dmi,
1328,Barb Wire,1996,https://boxd.it/1STK,
1329,How to Get Ahead in Advertising,1989,https://boxd.it/1Npg,
1330,Cannon Fodder,1995,https://boxd.it/L1qM,
1331,Guns Akimbo,2019,https://boxd.it/gkFu,
1332,La La Land,2016,https://boxd.it/a5fa,
1333,The Hudsucker Proxy,1994,https://boxd.it/1SJA,
1334,Southland Tales,2006,https://boxd.it/23Uu,
1335,The Girl Who Played with Fire,2009,https://boxd.it/1y0K,
1336,The Thief and the Cobbler,1993,https://boxd.it/1tpq,
1337,Leprechaun in the Hood,2000,https://boxd.it/1HIw,
1338,Locke,2013,https://boxd.it/6hHC,
1339,Everything Is Illuminated,2005,https://boxd.it/2ayg,
1340,Demon Seed,1977,https://boxd.it/1Glm,
1341,Deliverance,1972,https://boxd.it/1VGk,
1342,The Grand Duel,1972,https://boxd.it/djk,
1343,Au Hasard Balthazar,1966,https://boxd.it/1E3g,
1344,Source Code,2011,https://boxd.it/fdo,
1345,Shadow,2018,https://boxd.it/gzLi,
1346,The Signal,2007,https://boxd.it/1QWi,
1347,Concrete,2019,https://boxd.it/lTT2,
1348,Let's Eat,2020,https://boxd.it/s5pA,
1349,The Fast and the Furious: Tokyo Drift,2006,https://boxd.it/1Yeo,
1350,The Blob,1958,https://boxd.it/1ZKA,
1351,Mr. Bean's Holiday,2007,https://boxd.it/28Yc,
1352,Dick Tracy,1990,https://boxd.it/201w,
1353,Once Upon a Time in Mexico,2003,https://boxd.it/28LM,
1354,Kimi,2022,https://boxd.it/u7LW,
1355,Safety Not Guaranteed,2012,https://boxd.it/2Y3M,
1356,The Lawnmower Man,1992,https://boxd.it/1WVK,
1357,Possessor,2020,https://boxd.it/fsJW,
1358,Baby Assassins,2021,https://boxd.it/vXei,
1359,Burn Out,2017,https://boxd.it/h1Ok,
1360,The Nice Guys,2016,https://boxd.it/94Hg,
1361,Cyberpunk: Edgerunners,2022,https://boxd.it/COP4,
1362,The Ballad of Narayama,1958,https://boxd.it/3SPW,
1363,Cat People,1982,https://boxd.it/21SQ,
1364,The Stunt Man,1980,https://boxd.it/XAw,
1365,Frankenfish,2004,https://boxd.it/1f6k,
1366,Sweet Sweetback's Baadasssss Song,1971,https://boxd.it/22xa,
1367,The Legend of Hei,2019,https://boxd.it/mWC6,
1368,Outland,1981,https://boxd.it/1W0E,
1369,Avatar,2009,https://boxd.it/1Efm,
1370,Confessions of a Dangerous Mind,2002,https://boxd.it/23Gi,
1371,Leprechaun: Origins,2014,https://boxd.it/48Oq,
1372,Women on the Verge of a Nervous Breakdown,1988,https://boxd.it/24GI,
1373,The Backrooms (Found Footage),2022,https://boxd.it/B0mE,
1374,Inglourious Basterds,2009,https://boxd.it/1JzG,
1375,Dakota Exile,1996,https://boxd.it/BBqI,
1376,Jupiter Ascending,2015,https://boxd.it/2Evm,
1377,Knock at the Cabin,2023,https://boxd.it/npL2,
1378,Landscapes at the World's Ends,2010,https://boxd.it/t23I,
1379,The Funhouse,1981,https://boxd.it/1PUK,
1380,Def by Temptation,1990,https://boxd.it/2pUQ,2.5 star threshold (14%)
1381,From Beyond,1986,https://boxd.it/1NXi,
1382,Brain Wave,2019,https://boxd.it/lkUE,
1383,La Strada,1954,https://boxd.it/2asi,
1384,Ultraman: Rising,2024,https://boxd.it/vfFa,
1385,Christine,1983,https://boxd.it/1ZRQ,
1386,Macross Plus,1994,https://boxd.it/zv1o,
1387,Sugar,2008,https://boxd.it/1Jmi,
1388,Rhapsody Rabbit,1946,https://boxd.it/3rcS,
1389,Wish,2023,https://boxd.it/CFtS,
1390,A Clockwork Orange,1971,https://boxd.it/2aVE,
1391,The Darjeeling Limited,2007,https://boxd.it/24as,
1392,Flow,2024,https://boxd.it/v1Ei,
1393,Salad Fingers,2004,https://boxd.it/f4QE,
1394,The Bird with the Crystal Plumage,1970,https://boxd.it/1DDW,
1395,The Garden,1990,https://boxd.it/3J5A,
1396,Lion,2016,https://boxd.it/b2La,
1397,Jumpin' Jack Flash,1986,https://boxd.it/1V0S,
1398,WHAT DID JACK DO?,2017,https://boxd.it/jcWe,
1399,Chopping Mall,1986,https://boxd.it/1ow2,
1400,What's a Nice Girl Like You Doing in a Place Like This?,1963,https://boxd.it/HNE,
1401,Farscape: The Peacekeeper Wars,2004,https://boxd.it/On3m,
1402,Emperor Jones,1933,https://boxd.it/U5g,
1403,Red Rooms,2023,https://boxd.it/ym4c,
1404,Cherry 2000,1987,https://boxd.it/1Lx8,
1405,Raya and the Last Dragon,2021,https://boxd.it/jbkI,
1406,Empire of Passion,1978,https://boxd.it/GSS,
1407,Phenomena,1985,https://boxd.it/1o4s,
1408,Frozen II,2019,https://boxd.it/aPvo,
1409,Turner & Hooch,1989,https://boxd.it/21ie,
1410,Wizards,1977,https://boxd.it/1Kz8,
1411,Margin Call,2011,https://boxd.it/CJ8,
1412,Stolen Kisses,1968,https://boxd.it/2aL0,
1413,The Empty Man,2020,https://boxd.it/iIWS,
1414,The Miseducation of Cameron Post,2018,https://boxd.it/f6B2,
1415,Tokyo Story,1953,https://boxd.it/1HuY,
1416,The Sword in the Stone,1963,https://boxd.it/1ZdG,
1417,Pocahontas,1995,https://boxd.it/1W2g,
1418,"Bell, Book and Candle",1958,https://boxd.it/27Eq,
1419,Fear & Shame,2017,https://boxd.it/gQLu,
1420,Make Mine Music,1946,https://boxd.it/1DEg,
1421,A Bigger Splash,1973,https://boxd.it/4xJU,
1422,Ron's Gone Wrong,2021,https://boxd.it/hlj2,
1423,"Love, Death & Robots: Swarm",2022,https://boxd.it/AW84,
1424,Captain Marvel,2019,https://boxd.it/9vSA,
1425,Black Panther,2018,https://boxd.it/8MHs,
1426,Sweeney Todd: The Demon Barber of Fleet Street,2007,https://boxd.it/1PcS,
1427,Hard to Be a God,2013,https://boxd.it/3Ido,
1428,The Park Is Mine,1985,https://boxd.it/xea,
1429,Resident Evil: Apocalypse,2004,https://boxd.it/28yS,
1430,DragonHeart,1996,https://boxd.it/1ZMm,
1431,PlayTime,1967,https://boxd.it/1WLK,
1432,kittykat96,2017,https://boxd.it/lsw6,
1433,The Sorcerer's Apprentice,2010,https://boxd.it/1sGg,
1434,Bacurau,2019,https://boxd.it/fSUG,
1435,Post Tenebras Lux,2012,https://boxd.it/3wTs,
1436,25th Hour,2002,https://boxd.it/28LC,
1437,Vivarium,2019,https://boxd.it/gmVE,
1438,The Platform,2019,https://boxd.it/mUm6,
1439,Knightriders,1981,https://boxd.it/1AXa,
1440,Mr. & Mrs. Smith,2005,https://boxd.it/29CG,
1441,Atragon,1963,https://boxd.it/1cQE,
1442,Saludos Amigos,1942,https://boxd.it/1N8u,
1443,Armageddon,1998,https://boxd.it/2b9Q,
1444,Teknolust,2002,https://boxd.it/2QPe,
1445,Flushed Away,2006,https://boxd.it/1Tpm,
1446,The Night House,2020,https://boxd.it/jZze,
1447,Click,2006,https://boxd.it/1YVM,
1448,The Greatest Showman,2017,https://boxd.it/acjI,
1449,Doodlebug,1997,https://boxd.it/TZC,
1450,Brother Bear,2003,https://boxd.it/1Xjs,
1451,Lara Croft: Tomb Raider,2001,https://boxd.it/27G2,
1452,Stalled,2022,https://boxd.it/D3na,
1453,"Love, Death & Robots: Bad Travelling",2022,https://boxd.it/BykM,
1454,V for Vendetta,2005,https://boxd.it/29Ik,
1455,Space Is the Place,1974,https://boxd.it/1KBo,
1456,Cloverfield,2008,https://boxd.it/2192,
1457,This House Has People in It,2016,https://boxd.it/dwYW,
1458,Death Becomes Her,1992,https://boxd.it/1YQi,
1459,12 Years a Slave,2013,https://boxd.it/2D2e,
1460,Lightyear,2022,https://boxd.it/qV1G,
1461,Ghost World,2001,https://boxd.it/28Dy,
1462,A Boy and His Dog,1975,https://boxd.it/23FO,
1463,Bloodsport,1988,https://boxd.it/1Tee,
1464,Hillsong: A Megachurch Exposed,2022,https://boxd.it/A5Xy,
1465,To Die By Your Side,2011,https://boxd.it/456U,
1466,Vivre Sa Vie,1962,https://boxd.it/28s6,
1467,Rambo: First Blood Part II,1985,https://boxd.it/28TQ,
1468,Insomnia,2002,https://boxd.it/2aB0,
1469,House of Flying Daggers,2004,https://boxd.it/1YoI,
1470,Sword of the Stranger,2007,https://boxd.it/1OZE,
1471,Remember the Titans,2000,https://boxd.it/1VLk,
1472,Thunderball,1965,https://boxd.it/29SE,
1473,Fear Street: 1994,2021,https://boxd.it/lLBk,
1474,Whip It,2009,https://boxd.it/1A3m,
1475,Event Horizon,1997,https://boxd.it/20d8,
1476,Tremors 4: The Legend Begins,2004,https://boxd.it/1V9g,
1477,"Love, Death & Robots: In Vaulted Halls Entombed",2022,https://boxd.it/AW7A,
1478,Certified Copy,2010,https://boxd.it/IMW,
1479,"The Chronicles of Narnia: The Lion, the Witch and the Wardrobe",2005,https://boxd.it/2ark,
1480,Toy Story 3,2010,https://boxd.it/1WRe,
1481,Hercules,1997,https://boxd.it/1SDW,
1482,Mars Attacks!,1996,https://boxd.it/2bd4,
1483,Zombieland,2009,https://boxd.it/1En6,
1484,Anchorman: The Legend of Ron Burgundy,2004,https://boxd.it/1ZVo,
1485,"Duck, You Sucker",1971,https://boxd.it/2ayU,
1486,Bird Box,2018,https://boxd.it/eh1i,
1487,Ralph Breaks the Internet,2018,https://boxd.it/edAy,
1488,It's Not About the Nail,2013,https://boxd.it/jl4K,
1489,Midori,1992,https://boxd.it/2jvq,
1490,Elysium,2013,https://boxd.it/2cBm,
1491,Voir,2021,https://boxd.it/xoF8,
1492,Bewitched,2005,https://boxd.it/1XXW,
1493,Snowpiercer,2013,https://boxd.it/3Icg,
1494,A Christmas Story,1983,https://boxd.it/29sw,
1495,Up,2009,https://boxd.it/1OEc,
1496,Saved!,2004,https://boxd.it/1QCM,
1497,Cars 2,2011,https://boxd.it/H4Y,
1498,Kiwi!,2006,https://boxd.it/x5i,
1499,history of japan,2016,https://boxd.it/rZlM,
1500,May the Devil Take You,2018,https://boxd.it/j3Ha,
1501,Slumber Party Massacre II,1987,https://boxd.it/1r1G,
1502,The Windshield Wiper,2021,https://boxd.it/mbcq,
1503,The Beanie Bubble,2023,https://boxd.it/ySjS,
1504,Elf,2003,https://boxd.it/1VyK,
1505,Kick-Ass,2010,https://boxd.it/1zaQ,
1506,Oktapodi,2007,https://boxd.it/NoA,
1507,Kitbull,2019,https://boxd.it/l4MY,
1508,Corpse Bride,2005,https://boxd.it/24WQ,
1509,Night of the Demons,1988,https://boxd.it/1wLO,
1510,The Family Man,2000,https://boxd.it/22e8,
1511,Moonstruck,2022,https://boxd.it/DxHO,
1512,Islands of Fire,1955,https://boxd.it/4ePE,
1513,Slaxx,2020,https://boxd.it/ml7K,
1514,The Brothers Grimm,2005,https://boxd.it/24kW,
1515,Under the Skin,2013,https://boxd.it/3mDa,
1516,Mom and Dad Save the World,1992,https://boxd.it/1s7q,
1517,Beetlejuice,1988,https://boxd.it/24QI,
1518,xXx,2002,https://boxd.it/20VY,
1519,The Disaster Artist,2017,https://boxd.it/cTqc,
1520,K-PAX,2001,https://boxd.it/2aYo,
1521,Troy,2004,https://boxd.it/29TW,
1522,The Hateful Eight,2015,https://boxd.it/8gw8,
1523,The Dark Knight Rises,2012,https://boxd.it/H3m,
1524,Across the Universe,2007,https://boxd.it/23X4,
1525,Tiny Furniture,2010,https://boxd.it/Kjs,
1526,Final Destination 3,2006,https://boxd.it/1Z40,
1527,Thor,2011,https://boxd.it/1WQU,
1528,The Girl Who Kicked the Hornet's Nest,2009,https://boxd.it/1f9S,
1529,Drive,2011,https://boxd.it/IG,
1530,Natural Born Killers,1994,https://boxd.it/2aNg,
1531,The Autograph Hound,1939,https://boxd.it/wxg,
1532,Closer,2004,https://boxd.it/270K,
1533,Sixteen Candles,1984,https://boxd.it/1MJk,
1534,The Love Witch,2016,https://boxd.it/cZie,
1535,L'Âge d'or,1930,https://boxd.it/22FI,
1536,Godzilla Raids Again,1955,https://boxd.it/28k2,
1537,The Artifice Girl,2022,https://boxd.it/B8tI,
1538,Climax,2018,https://boxd.it/ikvo,
1539,Carmen Sandiego: To Steal or Not to Steal,2020,https://boxd.it/paT0,
1540,Rosencrantz & Guildenstern Are Dead,1990,https://boxd.it/1FXE,
1541,S.W.A.T.,2003,https://boxd.it/1Z8G,
1542,Alien Resurrection,1997,https://boxd.it/20zI,
1543,Highlander: The Source,2007,https://boxd.it/1Qlw,
1544,Hare Lift,1952,https://boxd.it/5Zq4,
1545,Fast Five,2011,https://boxd.it/BgO,
1546,The Torture Chamber of Dr. Sadism,1967,https://boxd.it/1RBq,
1547,Live Free or Die Hard,2007,https://boxd.it/28zQ,
1548,Lazy Boy,2016,https://boxd.it/mNCQ,
1549,Tremors 5: Bloodlines,2015,https://boxd.it/bhra,
1550,Rudy,1993,https://boxd.it/1NUe,
1551,Anger Management,2003,https://boxd.it/1YvO,
1552,Legion,2010,https://boxd.it/1zVi,
1553,Cube Zero,2004,https://boxd.it/2anM,
1554,The Void,2016,https://boxd.it/d93S,
1555,The Hunchback of Notre Dame,1996,https://boxd.it/1VZQ,
1556,The Gift,2000,https://boxd.it/27ys,
1557,Mac and Me,1988,https://boxd.it/1DTq,
1558,The Slumber Party Massacre,1982,https://boxd.it/1rIq,
1559,Ice Cold in Alex,1958,https://boxd.it/1KqA,
1560,The Bat Man of Shanghai,2012,https://boxd.it/zhr8,
1561,Nocebo,2022,https://boxd.it/tqSK,
1562,I Am Easy to Find,2019,https://boxd.it/lzSy,
1563,Terminator Salvation,2009,https://boxd.it/2abQ,
1564,Stay Tuned,1992,https://boxd.it/1yDM,
1565,The War of the Roses,1989,https://boxd.it/2aLY,
1566,Twilight,2008,https://boxd.it/1Zui,
1567,Something Wicked This Way Comes,1983,https://boxd.it/1wWC,
1568,Equilibrium,2002,https://boxd.it/211s,
1569,Triangle,2009,https://boxd.it/1tQG,
1570,Star Wars: Episode III – Revenge of the Sith,2005,https://boxd.it/27US,
1571,The Cat Returns,2002,https://boxd.it/1Mne,
1572,The Aristocats,1970,https://boxd.it/1X3Y,
1573,Sputnik,2020,https://boxd.it/lUya,
1574,Jin-Roh: The Wolf Brigade,1999,https://boxd.it/29wS,
1575,Ghost Rider,2007,https://boxd.it/290M,
1576,The Pacifier,2005,https://boxd.it/1Xhm,
1577,Green Lantern,2011,https://boxd.it/QN4,
1578,Weekend,1967,https://boxd.it/20Ac,
1579,Home on the Range,2004,https://boxd.it/1PB4,
1580,Bernie,2011,https://boxd.it/3eWe,
1581,Monsters University,2013,https://boxd.it/bQm,
1582,Super Mario Bros.,1993,https://boxd.it/1YfG,
1583,Miami Connection,1987,https://boxd.it/hMU,
1584,Beholder,2019,https://boxd.it/lipE,
1585,Cool World,1992,https://boxd.it/1Ou2,2.0 star threshold (11%)
1586,Blood Machines,2019,https://boxd.it/jxEU,
1587,War of the Worlds,2005,https://boxd.it/2bde,
1588,Standby,2016,https://boxd.it/fpkY,
1589,The Skin I Live In,2011,https://boxd.it/99A,
1590,The Angry Birds Movie,2016,https://boxd.it/4PBu,
1591,Mind Game,2004,https://boxd.it/1Bv2,
1592,They/Them,2022,https://boxd.it/uLWU,
1593,Hallway,2015,https://boxd.it/cd2M,
1594,Doctor Dolittle,1967,https://boxd.it/1KRG,
1595,Best in Show,2000,https://boxd.it/1Pqq,
1596,The Recruit,2003,https://boxd.it/28oS,
1597,Molly's Game,2017,https://boxd.it/dSl8,
1598,Star Wars: Episode II – Attack of the Clones,2002,https://boxd.it/27V2,
1599,The Terminal,2004,https://boxd.it/2a2O,
1600,The Holiday,2006,https://boxd.it/28ye,
1601,Fast & Furious,2009,https://boxd.it/1Pnm,
1602,The Fighter,2010,https://boxd.it/PP4,
1603,Paradox,2016,https://boxd.it/d4QK,
1604,Species III,2004,https://boxd.it/1XZo,
1605,Sky of Love,2007,https://boxd.it/117o,
1606,Rollerball,1975,https://boxd.it/1TK0,
1607,Jurassic Park III,2001,https://boxd.it/2azI,
1608,The Cloverfield Paradox,2018,https://boxd.it/doVA,
1609,The Banger Sisters,2002,https://boxd.it/1ZkC,
1610,10 Things I Hate About You,1999,https://boxd.it/23AO,
1611,Back to the Future Part III,1990,https://boxd.it/2aTS,
1612,Equinox,1970,https://boxd.it/1p2W,
1613,5 Centimeters per Second,2007,https://boxd.it/16G4,
1614,Cars,2006,https://boxd.it/29ho,
1615,The Babysitter,2017,https://boxd.it/eP1w,
1616,The 400 Blows,1959,https://boxd.it/2b1C,
1617,Crank,2006,https://boxd.it/27MY,
1618,Two Weeks Notice,2002,https://boxd.it/26wK,
1619,Atomic Blonde,2017,https://boxd.it/blDk,
1620,Spawn,1997,https://boxd.it/1WvM,
1621,Excalibur,1981,https://boxd.it/1TDI,
1622,Treasure Planet,2002,https://boxd.it/1Znm,
1623,Saloum,2021,https://boxd.it/wp1w,
1624,Race with the Devil,1975,https://boxd.it/1hQk,
1625,Leprechaun: Back 2 tha Hood,2003,https://boxd.it/1FlU,
1626,The Ritual,2017,https://boxd.it/fo0I,
1627,Belly,1998,https://boxd.it/1R5Y,
1628,Antoine and Colette,1962,https://boxd.it/2aKQ,
1629,Eyes Wide Shut,1999,https://boxd.it/2axs,
1630,Eden Lake,2008,https://boxd.it/1Q1m,
1631,Batman: Mystery of the Batwoman,2003,https://boxd.it/1BwO,
1632,Close-Up,1990,https://boxd.it/1m9q,
1633,Lawnmower Man 2: Beyond Cyberspace,1996,https://boxd.it/1TE2,
1634,Divinity,2023,https://boxd.it/E34u,
1635,Dog Man,2025,https://boxd.it/t6Iq,
1636,Scott Pilgrim Takes Off,2023,https://boxd.it/JLZk,
1637,Skhizein,2008,https://boxd.it/x4k,
1638,Renfield,2023,https://boxd.it/o8vy,
1639,The Cooler,2003,https://boxd.it/1Vvc,
1640,Boundin',2003,https://boxd.it/1QVO,
1641,Mission: Impossible II,2000,https://boxd.it/29cS,
1642,Speak No Evil,2022,https://boxd.it/vqlg,
1643,Push,2009,https://boxd.it/1Q8W,
1644,9,2009,https://boxd.it/1Scm,
1645,Supernova,2000,https://boxd.it/1WoQ,
1646,Mortal Kombat,1995,https://boxd.it/1YZY,
1647,Tremors 3: Back to Perfection,2001,https://boxd.it/1Vi8,
1648,Liverleaf,2018,https://boxd.it/hZDm,
1649,3 Ninjas: High Noon at Mega Mountain,1998,https://boxd.it/1hjq,
1650,Zero Dark Thirty,2012,https://boxd.it/3n1w,
1651,Shakespeare in Love,1998,https://boxd.it/27Pe,
1652,Shrek 2,2004,https://boxd.it/29z8,
1653,Mute,2018,https://boxd.it/e6nW,
1654,Team America: World Police,2004,https://boxd.it/24QS,
1655,Spiritual Kung Fu,1978,https://boxd.it/1Gni,
1656,Laura Hasn't Slept,2020,https://boxd.it/pJQU,
1657,Antibirth,2016,https://boxd.it/aWai,
1658,The Alphabet,1969,https://boxd.it/Ssi,
1659,Time Masters,1982,https://boxd.it/1Atu,
1660,The Big Shave,1967,https://boxd.it/HO8,
1661,The Adventures of Baron Munchausen,1988,https://boxd.it/1NXs,
1662,Tremors: Shrieker Island,2020,https://boxd.it/oXDy,
1663,Crash,2004,https://boxd.it/28q0,
1664,Melody Time,1948,https://boxd.it/1PtY,
1665,King of New York,1990,https://boxd.it/1Ynq,
1666,Cube 2: Hypercube,2002,https://boxd.it/2anW,
1667,Splice,2009,https://boxd.it/17HW,
1668,Eat My Makeup!,2005,https://boxd.it/epkC,
1669,"Love, Death & Robots: Kill Team Kill",2022,https://boxd.it/AW6M,
1670,Pink Hill,2019,https://boxd.it/ty94,
1671,Theta,2021,https://boxd.it/Eh7M,
1672,The African Queen,1951,https://boxd.it/2ai8,
1673,Red Heat,1988,https://boxd.it/1Yga,
1674,Double Team,1997,https://boxd.it/1YLs,
1675,Undisputed,2002,https://boxd.it/1MSc,
1676,Dunkirk,2017,https://boxd.it/d0Y6,
1677,Underworld: Evolution,2006,https://boxd.it/29v6,
1678,We Are Still Here,2015,https://boxd.it/97TY,
1679,The Colossus of Rhodes,1961,https://boxd.it/VuQ,
1680,Sonic the Hedgehog 2,2022,https://boxd.it/pb8O,
1681,Yes,2004,https://boxd.it/1w20,
1682,Dinosaurs: The True Story,2020,https://boxd.it/sM12,
1683,The Muppets Take Manhattan,1984,https://boxd.it/1SP4,
1684,Doom,2005,https://boxd.it/1ZOW,
1685,Fatal Attraction,1987,https://boxd.it/1UTC,
1686,Jumper,2008,https://boxd.it/20ss,
1687,Wild Hogs,2007,https://boxd.it/1Uok,
1688,The Details,2011,https://boxd.it/4npg,
1689,Willy's Wonderland,2021,https://boxd.it/nTcG,
1690,Always,1989,https://boxd.it/1U3G,
1691,Jonah Hex,2010,https://boxd.it/1Dkg,
1692,The Lovely Bones,2009,https://boxd.it/20IA,
1693,Alice in Wonderland,2010,https://boxd.it/1Spq,
1694,Casino Royale,1967,https://boxd.it/1ShQ,
1695,Black Mirror: Be Right Back,2013,https://boxd.it/hRpw,
1696,Friendly Shadow,2020,https://boxd.it/CRaI,
1697,The Legend of 1900,1998,https://boxd.it/1WpY,
1698,The Good Dinosaur,2015,https://boxd.it/3AD4,
1699,"Love, Death & Robots: Three Robots: Exit Strategies",2022,https://boxd.it/AVpy,
1700,Time Bandits,1981,https://boxd.it/19KI,
1701,"Game Over, Man!",2018,https://boxd.it/gjaK,
1702,Beyond Skyline,2017,https://boxd.it/8aww,
1703,Twins in Paradise,2020,https://boxd.it/qPOW,
1704,Indiana Jones and the Temple of Doom,1984,https://boxd.it/2bb8,
1705,Prince of Persia: The Sands of Time,2010,https://boxd.it/1YpQ,
1706,The VelociPastor,2017,https://boxd.it/glzW,
1707,The Forgotten,2004,https://boxd.it/1WYE,
1708,Talladega Nights: The Ballad of Ricky Bobby,2006,https://boxd.it/1XYq,
1709,The Longest Yard,2005,https://boxd.it/1Z3c,
1710,Escape from L.A.,1996,https://boxd.it/1XbI,
1711,Lost & Found,2018,https://boxd.it/iZzw,
1712,Ambulance,2022,https://boxd.it/sFxg,
1713,Addicted to Fresno,2015,https://boxd.it/9B0a,
1714,"Jeanne Dielman, 23, quai du Commerce, 1080 Bruxelles",1975,https://boxd.it/T18,
1715,Final Destination 5,2011,https://boxd.it/r1k,
1716,Cat Soup,2001,https://boxd.it/1wrk,
1717,In Good Company,2004,https://boxd.it/27U4,
1718,Spider-Man 3,2007,https://boxd.it/2a7Y,
1719,The Adam Project,2022,https://boxd.it/q2Dg,
1720,Synchronicity,2015,https://boxd.it/bFQS,
1721,Curve,2016,https://boxd.it/dFF0,
1722,Resident Evil: Extinction,2007,https://boxd.it/20Oy,
1723,I Am Mother,2019,https://boxd.it/ihNE,
1724,The Raid 2,2014,https://boxd.it/5uz0,
1725,Get Smart,2008,https://boxd.it/1Tig,
1726,Underworld: Awakening,2012,https://boxd.it/yMs,
1727,The Magnificent Seven,2016,https://boxd.it/aZAy,
1728,Oily Hare,1952,https://boxd.it/6WGK,
1729,Enter the Void,2009,https://boxd.it/1dy2,
1730,Fear Street: 1666,2021,https://boxd.it/lLBE,
1731,Save Ralph,2021,https://boxd.it/ux2o,
1732,The Super Mario Bros. Movie,2023,https://boxd.it/i8C8,
1733,The Fate of the Furious,2017,https://boxd.it/bbCw,
1734,The Invisible Man,2020,https://boxd.it/kWlA,1.5 star threshold ( 8%)
1735,F9,2021,https://boxd.it/dqsU,
1736,X-Men: The Last Stand,2006,https://boxd.it/1a5Q,
1737,Total Recall,2012,https://boxd.it/Ro,
1738,The Witches,1967,https://boxd.it/1b1g,
1739,Aunt Fanny's Tour of Booty,2005,https://boxd.it/41nC,
1740,The Final Destination,2009,https://boxd.it/1EmW,
1741,Avengers: Endgame,2019,https://boxd.it/9vE4,
1742,Daredevil,2003,https://boxd.it/1YzG,
1743,The Wicker Man,2006,https://boxd.it/1XZS,
1744,Highlander III: The Sorcerer,1994,https://boxd.it/20Gk,
1745,The Adventures of Sharkboy and Lavagirl,2005,https://boxd.it/1Ozm,
1746,Final Destination 2,2003,https://boxd.it/1YSS,
1747,Death Proof,2007,https://boxd.it/27GG,
1748,Masters of the Universe,1987,https://boxd.it/1TkQ,
1749,Atlantis: The Lost Empire,2001,https://boxd.it/1Vck,
1750,CODA,2021,https://boxd.it/tbf4,
1751,Samsara,2011,https://boxd.it/3ada,
1752,The Three Caballeros,1944,https://boxd.it/1Lae,
1753,Brightburn,2019,https://boxd.it/jk58,
1754,He Took His Skin Off for Me,2014,https://boxd.it/9sna,
1755,Mr. Nobody,2009,https://boxd.it/1k44,
1756,Spy Kids 2: The Island of Lost Dreams,2002,https://boxd.it/1Yyo,
1757,Notting Hill,1999,https://boxd.it/2aeK,
1758,Violent Night,2022,https://boxd.it/xXBA,
1759,"If I Can't Have Love, I Want Power",2021,https://boxd.it/w5Dg,
1760,Highlander II: The Quickening,1991,https://boxd.it/20Gu,
1761,The Boondock Saints II: All Saints Day,2009,https://boxd.it/1A0i,
1762,The Omega Man,1971,https://boxd.it/1UiG,
1763,Happy Feet,2006,https://boxd.it/1XH0,
1764,Somm,2012,https://boxd.it/5ALc,
1765,Into the Blue,2005,https://boxd.it/1SEg,
1766,Dr. Dolittle 3,2006,https://boxd.it/1GdW,
1767,Black Mirror: White Bear,2013,https://boxd.it/hRpG,
1768,Elena,2012,https://boxd.it/51jC,
1769,Moonbird,1959,https://boxd.it/2rrG,
1770,Jack and the Beanstalk,1902,https://boxd.it/4Bmg,
1771,Poultrygeist: Night of the Chicken Dead,2006,https://boxd.it/1ISi,
1772,Meet the Robinsons,2007,https://boxd.it/28Ym,
1773,Baby Mama,2008,https://boxd.it/1ZQe,
1774,Fantastic Four: Rise of the Silver Surfer,2007,https://boxd.it/27Ii,
1775,Bee Movie,2007,https://boxd.it/22Vw,
1776,Stuart Little,1999,https://boxd.it/1WZW,
1777,2 Fast 2 Furious,2003,https://boxd.it/2a4g,
1778,2012,2009,https://boxd.it/1OE2,
1779,Ratchet & Clank,2016,https://boxd.it/6Tig,
1780,The Spy Next Door,2010,https://boxd.it/1zyo,
1781,Powaqqatsi,1988,https://boxd.it/1xPs,
1782,Inspector Gadget,1999,https://boxd.it/2azy,
1783,White Echo,2019,https://boxd.it/lYHg,
1784,Charlie and the Chocolate Factory,2005,https://boxd.it/2b68,
1785,Wire Cutters,2014,https://boxd.it/c56m,
1786,Career Opportunities,1991,https://boxd.it/1Ksw,
1787,Spy Kids: All the Time in the World,2011,https://boxd.it/ptm,
1788,Pearl Harbor,2001,https://boxd.it/29Q4,
1789,The Polar Express,2004,https://boxd.it/23am,
1790,Race to Witch Mountain,2009,https://boxd.it/1PiQ,
1791,Funny Face,1957,https://boxd.it/1Qpy,
1792,Purl,2018,https://boxd.it/jomC,
1793,Leprechaun 2,1994,https://boxd.it/1HIG,
1794,Leprechaun Returns,2018,https://boxd.it/iMLa,
1795,The Discreet Charm of the Bourgeoisie,1972,https://boxd.it/2440,
1796,The Score,2001,https://boxd.it/1U0C,
1797,Flubber,1997,https://boxd.it/1YkQ,
1798,A Walk to Remember,2002,https://boxd.it/1WLq,
1799,Stardust,2007,https://boxd.it/272w,
1800,Bad Luck Banging or Loony Porn,2021,https://boxd.it/tJOM,
1801,It Was a Dark and Silly Night,2008,https://boxd.it/NJZ6,
1802,Kitty Love: An Homage to Cats,2020,https://boxd.it/s2fs,
1803,xXx: State of the Union,2005,https://boxd.it/1Tg0,
1804,Gamer,2009,https://boxd.it/1GQk,
1805,Skyline,2010,https://boxd.it/WhS,
1806,AVP: Alien vs. Predator,2004,https://boxd.it/2atU,
1807,Underworld: Blood Wars,2016,https://boxd.it/bCIw,
1808,The Bad Guys: Haunted Heist,2024,https://boxd.it/OK56,
1809,The Black Cauldron,1985,https://boxd.it/1UYW,
1810,2:37,2006,https://boxd.it/27i0,
1811,Aloft,2014,https://boxd.it/7mvo,
1812,Candyman: Farewell to the Flesh,1995,https://boxd.it/1ViM,
1813,Species II,1998,https://boxd.it/1WNw,
1814,Species: The Awakening,2007,https://boxd.it/1MC4,
1815,Highlander: Endgame,2000,https://boxd.it/1Shm,
1816,Ninja Assassin,2009,https://boxd.it/1zZ0,
1817,Resident Evil: Afterlife,2010,https://boxd.it/1bVo,
1818,Skylines,2020,https://boxd.it/kv7G,
1819,Cats,2019,https://boxd.it/jydK,
1820,How to Cope with Death,2002,https://boxd.it/bT2s,
1821,Emilie Muller,1993,https://boxd.it/ewEO,
1822,Over the Top,1987,https://boxd.it/2852,
1823,Entrapment,1999,https://boxd.it/282i,
1824,Leprechaun 4: In Space,1996,https://boxd.it/1Fm4,
1825,The Intern,2015,https://boxd.it/7AOE,
1826,Sing,2016,https://boxd.it/b5EQ,
1827,Rollerball,2002,https://boxd.it/1TCq,1.0 star threshold ( 5%)
1828,Shrek the Third,2007,https://boxd.it/29yY,
1829,Dinosaur,2000,https://boxd.it/1VWi,
1830,S1m0ne,2002,https://boxd.it/1Z2o,
1831,Babylon A.D.,2008,https://boxd.it/1YPk,
1832,Hudson Hawk,1991,https://boxd.it/1Z32,
1833,Candyman: Day of the Dead,1999,https://boxd.it/1RTu,
1834,Doctor Dolittle,1998,https://boxd.it/25RM,
1835,Vulvina Queen of Ecstasy,2022,https://boxd.it/J9Gu,
1836,Spy Kids: Armageddon,2023,https://boxd.it/tJMQ,
1837,Mood Indigo,2013,https://boxd.it/4WFy,
1838,65,2023,https://boxd.it/qbus,
1839,Tremors: A Cold Day in Hell,2018,https://boxd.it/hV8k,
1840,Beetlejuice Beetlejuice,2024,https://boxd.it/yyGs,
1841,The Tuxedo,2002,https://boxd.it/1Vra,
1842,Dr. Dolittle: Tail to the Chief,2008,https://boxd.it/1qus,
1843,Morbius,2022,https://boxd.it/j978,
1844,Dolittle,2020,https://boxd.it/fXEy,
1845,Bedknobs and Broomsticks,1971,https://boxd.it/1S4W,
1846,The Craft: Legacy,2020,https://boxd.it/lKYs,
1847,The Exorcism of God,2021,https://boxd.it/vxJa,
1848,Ballistic: Ecks vs. Sever,2002,https://boxd.it/1VZ2,
1849,Luna,2014,https://boxd.it/8NiI,
1850,The Assignment,2016,https://boxd.it/dZrM,
1851,The Day the Earth Blew Up: A Looney Tunes Movie,2024,https://boxd.it/wPxe,
1852,Chicken Little,2005,https://boxd.it/1Xnu,
1853,Proof of Life,2000,https://boxd.it/1SBQ,
1854,The Man in the Iron Mask,1998,https://boxd.it/1YZO,
1855,Dreamcatcher,2003,https://boxd.it/21XQ,
1856,Fool's Gold,2008,https://boxd.it/1ZXE,
1857,Naqoyqatsi,2002,https://boxd.it/1BiM,
1858,The Wicker Tree,2011,https://boxd.it/2LEU,
1859,Spy Hard,1996,https://boxd.it/1W1s,
1860,The Master of Disguise,2002,https://boxd.it/1Pai,
1861,Left Behind,2000,https://boxd.it/18AC,
1862,Elektra,2005,https://boxd.it/1XsE,
1863,The Langoliers,1995,https://boxd.it/4NUO,
1864,Dr. Dolittle 2,2001,https://boxd.it/1Vlm,
1865,Dr. Dolittle: Million Dollar Mutts,2009,https://boxd.it/1FnG,0.5 star threshold ( 2%)
